username,timestamp
071jn,1658936222
0disseas,1658936222
101leszek101,1658936222
123tegid,1658936222
1337nickb,1658936222
138a,1658936222
17skunks,1658936222
1966_06_21_gs,1658936222
19amir,1658936222
19andrew64,1658936222
1tamad,1658936222
1wille,1658936222
20gblum,1658936222
210tony,1658936222
2blackrooks,1658936222
3angels,1658936222
45mann,1658936222
4king_knight,1658936222
4knights50,1658936222
501soldier,1658936222
55gra23,1658936222
5amin8,1658936222
5martacus,1658936222
64chess2021,1658936222
64shadesofgrey,1658936222
67chessgames,1658936222
777_s_777,1658936222
9988tom,1658936222
99mark99,1658936222
9l_partyzan,1658936222
_magus,1658936222
a-marinho,1658936222
a_bloom,1658936222
a_engel,1658936222
a_lielvalodis,1658936222
a_river_there_chief,1658936222
aaaceshigh,1658936222
aaalis,1658936222
aaaronuk,1658936222
aaronchristopher96,1658936222
aaronleckinger,1658936222
abdul_550,1658936222
abdullahkeshavarz,1658936222
aberpe,1658936222
abescac,1658936222
abioseh,1658936222
abir164,1658936222
abkmeti,1658936222
abm57-cv,1658936222
abshok,1658936222
abskorekcija,1660518744
accord289,1658936222
acerb95,1658936222
aceyduecy,1658936222
acroyogagenie,1658936222
actuaris,1658936222
acw,1658936222
adam21dz,1658936222
adam56085,1658936222
adamgraham83,1658936222
adamlevy1982,1660333790
adamowls,1658936222
adamratak,1658936222
adebola,1658936222
adiiii83,1658936222
adrian3vhk,1658936222
adrian_dor,1658936222
adrian_dorantes_c,1658936222
adrianvede,1658936222
adriatik1409,1658936222
advancedpawn6,1658936222
aendayana77,1658936222
aepaez,1658936222
aeqetes,1658936222
aerocommander,1658936222
aethelstan,1658936222
aeyk,1658936222
af_s,1658936222
afcwheels22,1658936222
africannightjar,1658936222
africar,1658936222
agargoyle,1658936222
agastya23,1658936222
agavedave,1658936222
ahajuga,1658936222
ahedrista,1658936222
aheelsfan,1658936222
ahphoey,1658936222
ainaarix,1658936222
airin239,1658936222
aj6chess,1658936222
ajchandler,1658936222
ajdonley,1658936222
akaluismaia,1658936222
akoczkas,1658936222
akulovkms1986,1658936222
akv70,1658936222
al-shatarangy,1658936222
alaghasad,1658936222
alalalawawaw,1658936222
alchemy42,1658936222
alcii94,1658936222
alcoholocausts,1658936222
alcybiad,1658936222
aldavion,1660333327
aldemir68,1658936222
aldersley,1658936222
aldooooo,1658936222
aldwinvperez,1658936222
alecbod,1658936222
alectryon,1658936222
aleexan,1658936222
alekhine2025,1658936222
alekperez79,1658936222
aleksandarkoncar,1658936222
aleksandr_k,1658936222
aleksandr_katkov,1658936222
aleksandralehin,1658936222
aleksandrleo,1658936222
alekvatagin,1658936222
alex1951,1658936222
alex451,1658936222
alex_bohn,1658936222
alexakkerman,1658936222
alexander-d-knudsen,1658936222
alexanderfvanbiezen,1658936222
alexandermusatov,1658936222
alexandre_sacha0,1658936222
alexandrenogueira,1658936222
alexfickey,1658936222
alexkuehn,1658936222
alexmp13,1658936222
alexnode,1660518744
alexpapasimakopoulos,1658936222
alexxstep,1658936222
alfacere,1658936222
alfie_beamish,1658936222
alfil_dadaista,1658936222
alfmanufrench,1658936222
alfonsed,1658936222
alfonso2021,1658936222
alfonzo87,1658936222
alfred42000,1658936222
algarvechessplayer,1658936222
aliboron,1658936222
aliceband,1658936222
alienkemistry,1658936222
alifanov,1658936222
alimedic,1658936222
alinaalexandra,1658936222
alishapinks,1658936222
alkis23,1658936222
alkolol,1658936222
allenon,1658936222
alligator13,1658936222
alof,1658936222
alperin,1658936222
alphazerob1,1658936222
alsonji,1658936222
alsonnik,1658936222
aluspeakable,1658936222
alvarovj,1658936222
alvinlee59,1658936222
alwayswannabeer,1658936222
alytrel,1658936222
alzubaidi66,1658936222
amadeus68,1658936222
amador1,1658936222
amador1969,1658936222
amansinha888,1658936222
ambar111,1658936222
ambuzzuk,1658936222
amelvin,1658936222
amerleb,1658936222
amiakr8,1658936222
aminig,1658936222
amtsi,1658936222
amukare,1658936222
an3carrillo,1658936222
an_angry_pawn,1658936222
anacardium,1658936222
anastasakis,1658936222
anationalacrobat,1658936222
anchordraw,1658936222
andre-hdez,1658936222
andreasshahinyan,1658936222
andreituapse,1658936222
andresdha,1658936222
andreuska,1658936222
andrevlok2019,1658936222
andrew_pike,1658936222
andrewjgreene,1658936222
andrewsc21,1658936222
andrewsmith16,1658936222
andrey_stoletof,1658936222
andreychamp,1658936222
andriy_yaremovych,1658936222
andy195018,1658936222
andychess4321,1658936222
andylay,1658936222
angelina-sh,1658936222
angelliffer,1658936222
angelo140,1658936222
angelopoet,1658936222
angelvelasquez,1658936222
animalalgie,1658936222
anita76,1658936222
anja50,1658936222
anjelinch,1658936222
anjeltxov,1658936222
annalog002,1658936222
anogia,1658936222
anpu3,1658936222
ant_plays_chess,1658936222
antarctique,1658936222
ante54321,1658936222
anthammer,1658936222
anthem_x,1658936222
anthemics,1658936222
anthonykent,1658936222
anthrocene,1658936222
antlew4,1658936222
antonbiehe149,1658936222
antoni104,1658936222
antonisf,1658936222
antpeon,1658936222
anzorinio,1658936222
aorbe,1658936222
apoleom3,1658936222
april280,1658936222
aquaria,1658936222
aquilat,1658936222
ar7an,1658936222
arachnariel,1658936222
aragkousis,1658936222
aramgandomkar,1658936222
archer9999,1658936222
arda_zmir,1658936222
ardito1987,1658936222
areeb_arshad,1658936222
arfinwulf,1658936222
argaus25,1658936222
argembarger,1658936222
argonauta2,1658936222
ariangp86,1658936222
ariel_scilingo29,1658936222
arixegal,1658936222
arkady_chernobrovkin,1658936222
arkivian,1658936222
arlens25,1658936222
armendmulakaj1984,1660422347
armin1975,1658936222
arnekvam,1658936222
arnesmekens,1658936222
arnoldali,1658936222
arro2,1658936222
arron88,1658936222
art_menius,1658936222
artichoke60,1658936222
artmarkham,1658936222
arturogonzalez1969,1658936222
arvydasm,1658936222
asap2800,1658936222
asenovvv,1658936222
ash177,1658936222
ashadowspartan,1658936222
ashstriker41,1658936222
asifucare,1658936222
askeladden,1658936222
asoupdragon,1658936222
atalr,1658936222
atamolos,1658936222
athanasios,1658936222
athco,1658936222
atkanarkan,1660333790
atos666,1658936222
aufenix,1658936222
aungaungtun,1658936222
aungkothet,1658936222
aurora1996,1658936222
aurora88,1658936222
aurotruji,1658936222
aussiejimk,1658936222
aussiemac89,1658936222
austenidol,1658936222
austin200700,1658936222
austinguy,1658936222
autumncurtis,1658936222
auyeung,1658936222
av_kolchak,1658936222
averni,1658936222
avschar,1658936222
awais211,1658936222
axat1960,1658936222
axemaan,1658936222
aydajean,1658936222
azamats1982,1658936222
azizbai,1658936222
azorath1,1658936222
azuljack,1658936222
azuredragon9,1658936222
b_griffin,1658936222
babayu_s,1658936222
babel21,1660333790
babyangel10,1658936222
bacchus_on_crack,1658936222
backranktoaster,1658936222
badarung,1658936222
badaveg,1658936222
badescuionutlucian,1658936222
badgertonofthirst,1658936222
badlobster,1658936222
bai_stavri,1658936222
bajosh,1658936222
balabali02,1658936222
baldazar,1658936222
baldleg,1658936222
bama6,1658936222
bambi0nice,1658936222
banerosic,1658936222
barbeverte123,1658936222
barkman173,1658936222
barneybeard2,1660333790
baronvonchickenpants,1658936222
barredrock,1658936222
barrybarker,1658936222
barryjconnor,1658936222
bart_l,1658936222
bartholomaeus,1658936222
bartre1,1658936222
batica,1658936222
batistebosc,1658936222
batomp00,1658936222
battleman,1658936222
bauernsalat72,1658936222
bayrakv,1658936222
bazplays,1658936222
bb0210,1658936222
bbaxley,1658936222
bbshop,1658936222
bbtandn,1658936222
bddhttms,1658936222
beachstud,1658936222
bear2034,1658936222
beardo-x,1658936222
beatthenoobs,1658936222
beeehrer,1658936222
beefy08,1658936222
beermat78,1658936222
behradrahmani92,1658936222
beki111,1658936222
belacsregor,1658936222
belgianking98,1658936222
belgianrocker,1658936222
benbenjajaminman,1658936222
benjie1121,1658936222
benkiuguasu,1658936222
benni58,1658936222
benrob85,1658936222
benrob86,1658936222
bente,1658936222
bentmate,1658936222
benztoyzii,1658936222
beotoch,1658936222
beqa24,1658936222
bercamal,1658936222
bergbossendorf,1658936222
bernie1980,1658936222
bernietw,1658936222
beryslav-kyiv,1658936222
beth164,1658936222
beyond_dark,1658936222
bg_boundless,1658936222
bha1983,1658936222
big2hearted,1658936222
big_man62,1658936222
bigbertha,1658936222
bigdoor,1658936222
bigeasymike,1658936222
bigfluffything,1658936222
bigfootsquatchmaster,1658936222
bightigh,1658936222
bilal155,1658936222
bill2,1658936222
bill3347,1658936222
billforchess,1658936222
billgraynotes,1658936222
billydekid,1658936222
billyjchess,1658936222
bilousov,1658936222
biloute3323,1658936222
bioinformagician,1658936222
bionrd,1658936222
birdmenace,1658936222
birurajopadhyaya,1658936222
bishopg21,1658936222
bishoppair00,1658936222
bismarckleningrad,1658936222
bison63,1658936222
bite2018,1658936222
bitkus,1658936222
bizzox14,1658936222
bjka12100,1658936222
bjornivarsson,1658936222
black_root,1658936222
blackdog317,1658936222
blackengkanto,1658936222
blackjack83,1658936222
blacklord21,1658936222
blackqueen2012,1658936222
blacksnake56,1658936222
blackurmel,1658936222
blancavarela,1658936222
blancoletal,1658936222
blas_de_lezo,1658936222
blauerstein,1658936222
blazejohnson,1658936222
blazeroe,1658936222
blazingspear,1658936222
blithesprit,1658936222
blixter08,1658936222
blizzardlizzard,1658936222
blockdog2087,1658936222
bloomie246,1658936222
blow_dart,1658936222
bluebellann,1658936222
bluebluecow,1658936222
bluebottle432,1658936222
bluedama,1658936222
bluehen86,1658936222
blueiq,1658936222
bluenoseralph,1658936222
bluepuppy,1658936222
bluesparx,1658936222
blunderseeker,1658936222
bmadero,1658936222
bmillner,1658936222
bmind,1658936222
bmr07,1658936222
bmunchausen,1658936222
bmv1951,1658936222
bob_talparovsky,1658936222
bobavo,1658936222
bobbybalboa,1658936222
bobbycejes,1658936222
bobbydollar,1658936222
bobbyedge,1658936222
bobbymgambit,1658936222
boeddha50,1658936222
bogano1980,1658936222
bogdanstavrov,1658936222
bogor,1660518744
bogvera,1658936222
boilingbunny,1658936222
bojanptkc,1658936222
bolanona,1658936222
bombertank,1658936222
bone-separator,1658936222
bonfireofthevanities,1658936222
booking86,1658936222
borgarfjordureystri,1658936222
boringlovechild,1658936222
boriquito,1658936222
boris_62,1658936222
boris_altman,1658936222
borochess,1658936222
bossinchess1,1658936222
bot_boy,1658936222
bottomlesspits,1658936222
boulanjm,1658936222
bowlcutbarbarian,1658936222
bowmore17,1658936222
br4v3hrt,1658936222
braamsa,1658936222
bracke9,1658936222
braddeichler,1658936222
bradfee,1658936222
bradleypetersen,1658936222
branislavb70,1658936222
branur,1658936222
bravenam,1658936222
brettkoz,1658936222
brewfessor,1658936222
brfc,1658936222
brianblunder,1658936222
brianjosephc,1658936222
brianwc75,1658936222
briboy1,1658936222
brit_fk,1658936222
britesorb,1658936222
broadskins,1658936222
broadsword79,1658936222
broly_legendary,1658936222
brothem,1658936222
brownew,1658936222
brozotenebroso,1658936222
brucelyn,1658936222
brun38,1658936222
bruno_asfalto,1658936222
brutalius,1658936222
bsa65,1658936222
bsankar,1658936222
bsgor,1658936222
bsimov,1658936222
bubbleskitties,1658936222
bufab,1658936222
bugaevsky_sergey,1658936222
bugurtian_ii,1658936222
bukinistoleg1968,1658936222
bukvar21,1658936222
buleon,1658936222
bungle71,1658936222
bunnygod1,1658936222
butichess,1658936222
button88,1658936222
buttonc,1658936222
c0aca,1658936222
c1everdick,1658936222
c_benham,1658936222
cachareria25,1658936222
caiusbiserus75,1658936222
cakechris,1658936222
calef1981,1658936222
calm_and_curious,1658936222
cambiel,1658936222
camelhump35,1658936222
cameronc09,1658936222
camgilmour,1658936222
camilo2703,1658936222
canadachess2015,1658936222
canari20,1658936222
canaryhammer,1658936222
canca,1658936222
cancancantona,1658936222
candelalight,1658936222
canrfisica33,1658936222
cantabile9,1658936222
capablanca24,1658936222
captainbegonia,1658936222
captainthai,1658936222
captaintsuina,1658936222
cara_pils,1658936222
carbon,1658936222
cardinal56,1658936222
cardosorafael,1658936222
cardsure,1658936222
carioca50rn,1658936222
cariocabotafogo,1658936222
carla-magnusson,1658936222
carlgway,1658936222
carli121,1658936222
carlmullen,1658936222
carlos2211,1658936222
carlospoot,1658936222
carlosrard,1658936222
carlosraul52,1658936222
carlosreyes81,1658936222
carlosube,1658936222
carolina30,1658936222
caromariva,1658936222
carpediem,1658936222
carryhandleman,1658936222
carsten_nrw,1658936222
cartmaniac,1658936222
caseyeasyjones,1658936222
casodk,1658936222
caspermann,1658936222
cat_blues,1658936222
cataklisman,1658936222
catalin_radu1,1658936222
catfanshogl,1658936222
catshavepaws,1658936222
cavastrangler,1658936222
cavslaststand,1658936222
cavu,1658936222
cbeato,1658936222
cbwkay,1658936222
ccbforlife,1658936222
ccccretan,1658936222
cclynes,1658936222
cdelanoval,1658936222
ceffin,1658936222
cembalo,1658936222
cerberus274,1658936222
cesarcebria,1658936222
cesardegroot,1658936222
cesaroscco,1658936222
cezar17,1658936222
cezarmk5,1658936222
cfdeng,1658936222
cgiorgos1,1658936222
chair-man,1658936222
chakqs,1658936222
champ-68,1658936222
chankyaneti68,1658936222
chanman21,1658936222
chanquete,1658936222
chaosramda,1658936222
charenteaddick,1658936222
charlescandycampbell,1658936222
charlie63,1658936222
charlie8686,1658936222
charly871,1658936222
charmingofchess,1658936222
chartham,1658936222
chavezo,1658936222
cheapciggies,1658936222
check10179,1658936222
checkandopps,1658936222
checkjosh,1658936222
cheddarwedge,1658936222
cheeseandbiscuits11,1658936222
cheeseman1998,1658936222
chekuss,1658936222
chelseasteve,1658936222
chepabuga,1658936222
chequeredlife,1658936222
cherepov_alexej,1658936222
cherhan,1658936222
cherry_na,1658936222
cheshire_puss,1658936222
chess_tsunami,1658936222
chessandcoffeepr,1658936222
chessboarddarren,1658936222
chessbrotherjon,1658936222
chesschad200,1658936222
chessfriend51,1658936222
chessgf,1658936222
chessgnat,1658936222
chessigence,1658936222
chessjaycj,1658936222
chesslord-brighton,1658936222
chessman7935,1658936222
chesspatzerpol,1658936222
chessplayer2020dc,1658936222
chessplayerro,1658936222
chessplayerwolfgang,1658936222
chessreina,1658936222
chessrenewal,1658936222
chessrocks2011,1658936222
chessron99,1658936222
chesstiger7,1658936222
chesstkidding,1658936222
chesswarrior48,1658936222
chesswine27,1658936222
chesswithdino,1658936222
chessymcchessface96,1658936222
chesszone9937,1658936222
chevalier25,1658936222
chicanuck,1658936222
chichikinaleksei,1658936222
childhoods-end,1658936222
chillychess2010,1658936222
chillywarz,1660420135
chinguunb,1658936222
chinogarcia57,1658936222
chippysleftfoot,1658936222
chockeyboy,1658936222
chocpot,1658936222
chorlton69,1658936222
chorusinthedawn,1658936222
chris212121,1658936222
chris27771,1658936222
chriskyleusa,1658936222
chrisparagreen,1658936222
chrisrstott,1658936222
christopher_parsons,1658936222
christtheking43,1658936222
chromeheart,1658936222
chuchoyutapicg,1658936222
chuck037,1658936222
chuck2691,1658936222
chuffy54,1658936222
chuggerboom,1658936222
chukirov,1658936222
chuklev91,1658936222
churchley,1658936222
chyconija,1658936222
chyraen,1658936222
chz3369,1658936222
cigarfitz,1658936222
cimarron40,1658936222
cipiripi,1658936222
ciro200000,1658936222
cjpawson,1658936222
ckhoooo,1658936222
cklose2000,1658936222
ckovar,1658936222
clachglas,1658936222
clarkbart,1658936222
clarkedavis,1658936222
clarkjosh,1658936222
claudiocordeiro,1658936222
cleaner75,1658936222
clementine65,1658936222
clericalerr0r,1658936222
cliff50,1658936222
cliverb,1658936222
clms_chess,1658936222
cloudp,1658936222
clunkyer,1658936222
cm1970,1658936222
cobb452,1658936222
coeurdelyon,1658936222
coffee-pot,1658936222
coffeechess4096,1658936222
coinhunter88,1658936222
cokermike,1658936222
colibrisutil,1658936222
colinbmcbride,1658936222
colinstrong,1658936222
colmartinfc,1658936222
colorfulrainbow2020,1658936222
columbo2008,1658936222
commando-poppins,1660518744
comrade44,1658936222
concordat,1658936222
conde28,1658936222
condrioma,1658936222
conkai,1658936222
connilliysdan,1658936222
conspiranoic,1658936222
contessaserbelloni,1658936222
controlfreakaus,1658936222
coolhandlukexx,1658936222
corkiethedog,1658936222
cosmin1975,1658936222
couldchuck,1658936222
countrylife123,1658936222
countyourpawns,1658936222
couwke,1658936222
cpalexander,1658936222
cputech,1658936222
crasher83,1658936222
crazyswimmerman,1658936222
crimper350,1658936222
crisdim,1658936222
crisisofconfidence,1658936222
crisleft,1658936222
crispy2ba,1658936222
crnjak1,1658936222
crocothemis,1658936222
croftangry20,1658936222
crookedcrozier,1658936222
crystian,1658936222
csd1968,1658936222
csmith1281,1658936222
css373,1658936222
cssa,1658936222
ctuk,1658936222
cubilias,1658936222
culraven,1658936222
culturekid,1658936222
cumbachero,1658936222
cumbiebob,1658936222
cup_of_cow,1658936222
cyee124,1658936222
cyle_andrey24,1660333790
cyrille85,1658936222
cyrilwolfangel,1658936222
czechmedved,1658936222
czekov,1658936222
d2tod4,1658936222
d2weese,1658936222
d4start,1658936222
d_bun,1658936222
da-nee,1658936222
da_crusha,1658936222
dabigduck,1658936222
daddy996,1658936222
daddynina,1658936222
daedae513,1658936222
dafermel74,1658936222
dagomontoya,1658936222
daharma,1658936222
daitweeds,1658936222
dakic69,1658936222
dakoe12,1658936222
dalailuke,1658936222
daleko22,1658936222
dalemb,1658936222
damarch,1658936222
damayito,1658936222
dan25678998,1658936222
dan_a,1658936222
danbois5,1658936222
danbrstrm,1658936222
danbunting,1658936222
dandav666,1658936222
dani_el_vida_les,1658936222
danielboonep,1658936222
danieldelaisla,1658936222
danielmp123456789,1658936222
danielpalabuykov,1658936222
danman24,1658936222
dannynorwood,1658936222
dannyrowles,1658936222
danoit,1658936222
danthesloth,1658936222
daredevil_2512,1658936222
darindd,1658936222
dark-shogun,1658936222
dark1ntellect,1658936222
dark_perimeter,1658936222
darklorien,1658936222
darkpavel,1658936222
darkstarangel,1658936222
darrenharris3124,1658936222
daruma52,1658936222
dathvarder2018,1658936222
dav55,1658936222
dave_1969,1658936222
dave_agadir,1658936222
davebat73,1658936222
daveeeer,1658936222
daven59,1658936222
davenunn,1658936222
daveyboy04,1658936222
daviad,1658936222
david_almeida_pt,1658936222
david_horkoff,1658936222
davidantonyclarke1,1658936222
daviddavids88,1658936222
davideranalli,1658936222
davidheise,1658936222
davidlondon,1658936222
davidr222,1658936222
davidsfm,1658936222
davidtoebast,1658936222
davirite,1658936222
davrosftm,1658936222
davybhoy,1658936222
daws74,1658936222
dayonot,1658936222
dbabudelhi,1658936222
dbtale,1658936222
dchapman196,1658936222
dd1104,1658936222
ddddan1,1658936222
ddodds2,1658936222
deadmoroz13,1658936222
deathabove,1658936222
deba_tuku,1658936222
deeevic,1658936222
deepicex,1658936222
def1973,1658936222
defgecd69,1658936222
deglobalsam,1658936222
dejande69,1658936222
delcarpenter,1658936222
delmana,1658936222
demeumys,1658936222
demolaalalade,1658936222
dengues,1658936222
deni53,1658936222
denmanlad,1658936222
dennisfredette,1658936222
dennist123,1658936222
dennisyee,1658936222
dentoeter,1658936222
derbest1,1658936222
derekdharvey,1658936222
derekwilliams228,1658936222
derenlat,1658936222
derspieler50,1658936222
desaimanav93,1658936222
desert_storm1974,1658936222
deserter1,1660518744
desertpawnsw,1658936222
desolationangel,1658936222
detectie,1658936222
detroitlions1,1658936222
devanshking4420101200,1658936222
devilishangel1,1658936222
devitoria,1658936222
dewitt281,1658936222
dgarcia01,1658936222
dgrish,1658936222
dgsgibara,1658936222
dgwizard,1658936222
dia_duit,1658936222
dibici,1658936222
dida70,1658936222
diegomoncayo,1658936222
dietersos,1658936222
digitu,1658936222
diligentver,1658936222
dim237,1658936222
dimialana,1658936222
dimosthenisg,1658936222
dinhthanhbinh,1658936222
dinim,1658936222
diogenes_of_sinope33,1658936222
diomanu59,1658936222
dirk_brijs,1658936222
divad53,1658936222
divyansh22,1658936222
dj50,1658936222
djarlo,1658936222
djemir,1658936222
djpossum,1658936222
dkab101,1658936222
dknighter,1658936222
dkuberek,1658936222
dlittle231,1658936222
dlo998,1658936222
dmandinga666,1658936222
dmangion,1658936222
dmitrykorotkih1,1658936222
dnavarre,1658936222
do_not_touch_my_lady,1658936222
docexadrez,1658936222
docholliday7,1658936222
doctordick9,1658936222
doctorstrings,1658936222
docvienna,1658936222
dogtrotter,1658936222
doktor0512,1658936222
dolph_nibal,1658936222
dolphin30rus,1658936222
domenicoscarlatti,1660422347
domminnus,1658936222
donacropolis,1658936222
donargott_mgis,1658936222
donbiggin,1658936222
donex7,1658936222
donkeypawn_nc3,1658936222
donnimor,1658936222
donnywithad,1658936222
dorin-v,1658936222
dornford,1658936222
dottorcasa,1658936222
dougrob,1658936222
downtime123,1658936222
dps204,1658936222
dr-kg,1658936222
dr_ibrahimbahy,1658936222
dr_not_nyc,1658936222
dr_risiko,1658936222
draco112358,1658936222
draganspajic,1658936222
dragon826,1658936222
dragon_luz,1658936222
dragonb12,1658936222
dragonet35,1658936222
dragonwest,1658936222
dravac,1658936222
drawgod,1658936222
drbistakchngneq,1658936222
drboots13,1658936222
drchrys,1658936222
drcippy,1658936222
dreamerdreamer,1658936222
drecic,1658936222
dreydar,1658936222
drgambito,1658936222
drgwestboca,1658936222
dright,1658936222
drogon72,1658936222
droolingdragon,1658936222
dropthepawn,1658936222
drsam74,1658936222
drsammph,1658936222
drsigmund,1658936222
drunkental,1658936222
drzaiuss,1658936222
dshres,1658936222
dsm_uk,1658936222
dtmajesty,1658936222
dtrayne,1658936222
dtresham,1658936222
du8le5gr2,1658936222
dude_bw,1658936222
dude_pls_chill,1658936222
duesenbergsj,1658936222
dugite295,1658936222
dukeofearle,1658936222
dukie,1660421114
duksme,1658936222
duncan250505,1658936222
dungeonknight,1658936222
dungpusher,1658936222
dunyainwannabe,1658936222
dupersuper,1658936222
durito53,1658936222
durny,1658936222
duschgel,1658936222
dutchgalego,1658936222
duviel84,1658936222
dw_batty,1658936222
dwredmill,1658936222
dwtrue207,1658936222
dylancarter,1658936222
dysonator69,1658936222
dzmitry_ulezla,1658936222
eagle116,1658936222
earlpsyches,1658936222
eastriverferry,1658936222
eatingkings,1658936222
ebiabs1980,1658936222
ecdg,1658936222
echecsgoat,1658936222
ecolih157,1658936222
edberner13,1658936222
edchessking,1658936222
eddielevis,1658936222
eddytjan,1658936222
edefasm,1658936222
edelpatzer,1658936222
edgarh37,1658936222
edirga,1658936222
edofivi,1658936222
edoisky,1658936222
edomex25,1658936222
edsonmat1,1658936222
eduardarbereshi,1658936222
eduardomm83,1658936222
eeyore2016,1658936222
eferelin,1658936222
eggleglet,1658936222
egittrich,1658936222
eglittle,1658936222
egor19862020,1658936222
ehsanlehri1,1658936222
ejarov,1658936222
ejsman,1658936222
ekonomisti,1658936222
el-gammal,1658936222
elban_dido,1658936222
elbrussuleymanli,1658936222
eldude56,1658936222
electronicmusicrocks,1658936222
elemphi,1658936222
elena_strichko,1658936222
elenadimitrieva,1658936222
eleonore99,1658936222
elessar67,1658936222
elgabycccp,1658936222
elgazar2,1658936222
elgnraal,1658936222
elgrandr,1658936222
elisita,1658936222
elkapan11,1658936222
elmiraw,1658936222
elnumerouno1,1658936222
eltonlondon,1658936222
eltorzon,1658936222
elvenstar,1658936222
emersonfreitas,1658936222
emildrake,1658936222
emilie_hegland,1658936222
emilovsk,1658936222
emin1001,1658936222
emirgungor27,1658936222
emmanuel5408,1658936222
emperornightcourt,1658936222
empireserased,1658936222
enderao,1658936222
enetsen,1658936222
engingirgin,1658936222
enrico5,1660420135
enriqueaduna,1658936222
enufem,1658936222
enzoboxer,1658936222
epameinondasgk,1658936222
epicurus74,1658936222
epiphone339,1658936222
equipoiseblue,1658936222
eraitikos,1658936222
erfan19,1658936222
erfannorikia,1658936222
erichprivat,1658936222
erick1962,1658936222
erickson87121,1658936222
ericpursley,1658936222
erm410,1658936222
ernestito24,1658936222
ernestsmith1,1658936222
erobby,1658936222
eru_st,1658936222
eruanantion,1658936222
erwin1963,1658936222
esanz22,1658936222
escipion1974,1658936222
eslaimer,1658936222
eslam13888,1658936222
esoraltrebor,1658936222
espenp,1658936222
essexdave,1658936222
estanciero,1658936222
ethandw,1658936222
ethangeerlof,1658936222
ethelredtheunready,1658936222
etherealfiend,1658936222
etsi44,1658936222
eule64,1658936222
evelynamodifieddog,1658936222
evenworse,1658936222
everlyse,1658936222
evgenymukhin,1658936222
evilgazebo,1658936222
ewingwr,1658936222
ewolcan,1658936222
exmexicano,1658936222
extenfactory,1658936222
f_2017,1658936222
fabiopicolo,1658936222
faboart,1658936222
fabricelopezillac,1658936222
fabricewantiez,1658936222
fabrizio65,1658936222
factotuma,1658936222
facw,1658936222
faescobar,1658936222
fahro70,1658936222
fakebeil91,1658936222
fangch55,1658936222
fangz0,1658936222
fantasy33,1658936222
fardinehsani,1658936222
faridah_carpio,1658936222
farlleyderze,1658936222
farmpieterse,1658936222
farrukhziyamukhamedov,1658936222
fasmote,1658936222
fastmonty,1658936222
fatky,1658936222
fatlazymofo,1658936222
fave20,1658936222
faxenei,1658936222
faxxiz,1658936222
fbobobby,1658936222
fdapro,1658936222
fdezjoe,1658936222
fdo73,1658936222
fearofthedark0807,1658936222
februarytaste,1658936222
fector_mt,1658936222
federal_judge16rus,1658936222
federer100,1658936222
federis,1658936222
feela1,1658936222
felani,1658936222
felipe59,1658936222
felixdcat,1660421114
fenway21117,1658936222
fercules,1658936222
ferfran,1658936222
fernando_vel,1658936222
ferrarifan27,1658936222
fervac,1658936222
fez1974,1658936222
ffbrothers,1658936222
fgalmeid,1658936222
fgleason,1658936222
fhen,1658936222
fide1855,1658936222
fidibusrunner,1658936222
fighterz,1658936222
filosofilico,1658936222
finnigan64,1658936222
finnkeddin,1658936222
firebug321,1658936222
firefistdace,1658936222
firefly,1658936222
fireknight2,1658936222
firstchoice1,1658936222
fischer_mensfriend,1658936222
fish_gills,1658936222
fishnguy,1658936222
fisik83,1658936222
fiszner,1658936222
fitil,1658936222
fivebucksfivebucks,1658936222
fjb-n,1658936222
fjollepurk,1658936222
fkar,1660422347
fl400,1658936222
flaminghakama,1658936222
flash_123,1658936222
flavij18,1658936222
flemminglouv,1658936222
flickas,1658936222
florida_man,1658936222
floryano25,1658936222
fluxman,1658936222
flyingfeats,1658936222
fm_khairoshevn,1658936222
fmcdali,1658936222
fmsce,1658936222
folkie,1658936222
forzafiume87,1658936222
fotherz,1658936222
fourthy,1658936222
francinildo1990,1660333790
francvrij,1658936222
frank14o2,1658936222
frankdube25,1658936222
frankem51,1658936222
frankivikelis,1658936222
frankw77,1658936222
franpedre,1658936222
frans1,1658936222
frapageo,1658936222
frauleinflick12,1658936222
fraxis7,1658936222
fraygerundio,1658936222
frazzzz,1658936222
fredairic,1658936222
fredishier58,1658936222
fredrav,1658936222
freethebase2018,1658936222
freetrog,1658936222
freluquetbis,1658936222
freyja23,1658936222
frid-man,1658936222
friduti,1658936222
friedeggsof,1658936222
friedhelm1960,1658936222
friksos,1658936222
fritz_the_cat,1658936222
frncbvrd,1658936222
frontenislavall,1658936222
frwizzle,1658936222
fuchsik,1658936222
fulviocagnazzi,1658936222
fulwich,1658936222
fun_controller,1658936222
funky72,1658936222
funtik89,1658936222
furiusfish,1660333790
fusillipasta,1658936222
fvarvar,1658936222
g-fischer,1658936222
g8652,1660420135
g_reza88,1658936222
gabanze,1658936222
gabi1977kiss,1658936222
gabrieldavis,1658936222
gabrielion,1658936222
gadenal,1658936222
gal3rna88,1658936222
galaxy23,1658936222
gambidiot,1658936222
gambitleon,1658936222
gamebitno1,1658936222
gamer_smurf,1658936222
gametrox10,1658936222
gamgee11,1658936222
garethjones1,1658936222
gareththegooner,1658936222
garibov-suleyman,1658936222
garri300222,1658936222
garystoneknight,1658936222
gaston-david,1658936222
gatsby57,1658936222
gatto_di_schrodinger,1658936222
gavilla,1658936222
gaz1969,1658936222
gazpachito,1658936222
gazzarobbo88,1658936222
gboudouris,1658936222
gcedw2001,1658936222
gdj_online,1658936222
gdring,1658936222
gebs53,1658936222
gedr59,1658936222
geelse_zot,1658936222
gegsy,1658936222
geheee,1658936222
gellusboy,1658936222
gendamon,1658936222
gene_c,1658936222
genealogy,1658936222
general_trilkin,1658936222
general_wolfe11,1658936222
generouslord,1658936222
genius610,1658936222
genjul,1658936222
gent00,1658936222
geo_krt,1658936222
geographos,1658936222
geordieed,1658936222
george_2908,1658936222
georgi_atanasov,1658936222
gersonripardo,1658936222
gfaq,1658936222
ggarbarini,1658936222
ghaggy1,1658936222
ghinea,1658936222
ghirlanda,1658936222
gholamrezamohammadi,1658936222
ghoulishfungus,1658936222
ghwichmann,1658936222
giacomo_r,1658936222
giampiero111,1658936222
giannello65,1658936222
gibbers1,1658936222
gibbilo,1658936222
gibson2,1658936222
gibsori,1658936222
gilangaditya,1658936222
ginobili,1658936222
ginoinreno,1658936222
ginzbirdman,1658936222
gioguaz,1658936222
giomal,1658936222
giorgisulaberidze,1658936222
giorm17,1658936222
giottoric,1658936222
giovannimoscatelli,1658936222
giuggiulena,1658936222
giulianoferreira,1658936222
givemeadraw,1658936222
gjakomo_77,1658936222
gjonss,1658936222
gladstonewanderer,1658936222
glasshrapnal,1658936222
glasspring,1658936222
glengen,1658936222
glockster64,1658936222
glomik,1658936222
gm_wojak,1660420135
gmacandcheese,1658936222
gmartinp,1658936222
gmemmy,1658936222
gmlucki64,1660333790
gmprtmblk,1658936222
gmronweasley,1658936222
gnjecc,1658936222
gofast_turnleft,1658936222
gogosf,1658936222
gokroznik,1658936222
gokulk16,1658936222
gold_grizzly,1658936222
golddog,1658936222
goldenhands7,1658936222
goldenwheelx,1658936222
goldhorns,1658936222
goldiman,1658936222
gomvar,1658936222
goodkram,1658936222
goodluckgreenlantern,1658936222
goodsaint,1658936222
gorclaw,1658936222
gordonogilvie,1658936222
gosserman,1658936222
goyovm,1658936222
grabaker,1658936222
graeme1982,1658936222
gragya,1658936222
grahama,1658936222
grand-vizier1,1658936222
grandmasterrob,1658936222
grants_44,1658936222
grantxiets,1658936222
graplon,1658936222
grassguy001,1658936222
gratefulbear,1658936222
graveyardfool,1658936222
gravitika,1658936222
gray_cat,1658936222
great_champ,1658936222
grebleif,1658936222
greengooner,1658936222
greenpawn16,1658936222
greenzone,1658936222
gregflat9,1658936222
greggles90,1658936222
gremar,1658936222
grether,1658936222
greydane769,1658936222
grif_rift,1658936222
grignardstamper,1658936222
grinder275,1658936222
grittmeister,1658936222
grognard37,1658936222
grokkster,1660421114
grosz,1658936222
grunfeldrules,1658936222
grust54,1658936222
gs77,1658936222
gsp74,1658936222
gtbsgajd,1658936222
gualtiero58,1658936222
guara10,1658936222
gubran1983,1658936222
guchlu,1658936222
gudmarss,1658936222
guigarcia,1658936222
gunnyslayer,1658936222
gunyus,1658936222
gusd314,1658936222
gusev,1658936222
gustavogarza13,1658936222
gutsygecko,1658936222
guza,1658936222
gw2,1658936222
gymstar074600,1658936222
gzzw,1658936222
h0ru5,1658936222
habibilak,1658936222
hagarthehorible,1658936222
hajeka,1658936222
hajiyev017,1658936222
hakmat,1658936222
halffacedknight,1658936222
hamdym,1658936222
hamishshierlaw,1658936222
hammers23,1658936222
hamtheman,1658936222
hand-carvedchess,1658936222
hansqiao,1658936222
hanzcheng,1658936222
haobam_ronel_singh,1658936222
happi73,1658936222
happy_spartan,1658936222
happyhiren,1658936222
haraldchess,1658936222
hari_uk,1658936222
harlem9,1658936222
harlem_shaker,1658936222
harry-78,1658936222
harrypatzer,1658936222
harrytipper3,1658936222
hashisheen,1658936222
hasimuzguler,1658936222
havastar,1658936222
havefunplayingchess,1658936222
havoern,1658936222
hbk15,1658936222
hbpatel142,1658936222
he4obek,1658936222
healblazer,1658936222
hedgefox,1658936222
hegj,1658936222
heidevolk,1658936222
heigro,1658936222
heimdallrschwarz,1658936222
helenfukuma,1658936222
henderb,1658936222
henri5,1658936222
henrikusr,1658936222
henry_bl,1658936222
hercher,1658936222
heredog,1658936222
hermes_of_eriador,1658936222
hesamodin_mokhtari,1658936222
hfdamac3,1658936222
hg206,1658936222
highglovesave,1658936222
highvooltage,1658936222
highwayreaper1589,1658936222
hippo32,1658936222
hippoman,1658936222
hippotobaron6,1658936222
hisalols,1658936222
hitforsix,1658936222
hjalmar_sig_73,1658936222
hlathan999,1658936222
hma_hma,1658936222
hnpanchal,1658936222
hobgoblin5771,1658936222
hocinemera,1658936222
hoemmen,1658936222
hoko,1658936222
holah,1658936222
holdemrulzok,1658936222
holgerd,1658936222
holl75,1658936222
honeybrook,1658936222
hope2joy,1658936222
horatio52,1658936222
hordjedef,1658936222
horizonsight,1658936222
hortonp,1658936222
horus-set,1658936222
hossein_mk,1658936222
hot9cups,1658936222
hotelka,1658936222
houman_r,1658936222
hounddogmusic,1658936222
houssammh,1658936222
hovejo23,1658936222
howdy19,1658936222
howsden1,1658936222
hpenov,1658936222
hpuskar,1658936222
hrayr_grigoryan,1658936222
hreczecha,1658936222
hrushikesh56,1658936222
hrynchak11,1658936222
hughnorton1,1658936222
hugobribeiro,1658936222
hulsers,1658936222
humanistaaleko,1658936222
huntera88,1658936222
hunterjaed,1658936222
hybridi,1658936222
hydro79,1658936222
hydrocyanicacid,1658936222
i5ao,1658936222
iain72,1658936222
iainctredway,1658936222
iamafoolsmate,1658936222
iamdeathstroke,1660333790
iamthehiggster,1658936222
ian_gx,1658936222
ianbrownlee,1658936222
ianeiloart,1658936222
ibamhawal74,1660333790
iblunder2,1658936222
iceberge,1658936222
ickby,1658936222
icymustang,1658936222
idleplayer,1658936222
idris077,1658936222
iervf,1658936222
iet420,1658936222
igmaro,1658936222
igor-svoboda,1658936222
igor0230,1658936222
igor_giga,1658936222
igorrud,1658936222
igoryacha,1658936222
igroki789,1658936222
iker71,1658936222
ikhtiandre,1658936222
ilbonoff,1658936222
ildanny,1658936222
ilgarmirzayev,1658936222
ilikepie9999,1658936222
ill_be_black,1658936222
illgottenpawns,1658936222
ilyaershovsaran,1658936222
imagination2005,1658936222
imbackagain14,1658936222
imhbro,1658936222
imperialdalek,1658936222
imro74,1658936222
ims666,1658936222
inaki77,1658936222
incommunicado417,1658936222
independent2,1658936222
inglaterra,1658936222
initio,1658936222
inlovewithjesus,1658936222
inosapro,1658936222
inselaffe19,1658936222
inthebalance,1660518744
iraj-hajebabaee,1658936222
iraq_lion,1658936222
irish_assasin,1658936222
irisha_1411,1658936222
irishguy58,1658936222
irishwaterspaniel,1658936222
irispu,1658936222
iron_helmet,1658936222
ironfish23,1658936222
ironicatlas,1658936222
ironjohn9,1658936222
ironpixel,1658936222
irony_towers,1658936222
irridon,1658936222
isotope55,1658936222
issambensmaili,1658936222
issyzz,1658936222
istain1405,1658936222
isvicthere,1658936222
itsjustchessman,1658936222
itzogsteve,1658936222
iurifq,1658936222
ivan53,1658936222
ivan_shumoff,1658936222
ivanhoeiii,1658936222
ivanivanovstr,1658936222
ivankolevivanov,1658936222
ivanm,1658936222
ivsky,1658936222
iweasel,1658936222
iwilderman,1658936222
izeno,1658936222
izovat,1658936222
iztacoyolt,1658936222
izzylxxiv,1658936222
j-costi,1658936222
j2fischb,1658936222
j41lvl3,1658936222
j_ludwig,1658936222
j_p_chess,1658936222
jaaskak,1658936222
jabag13,1658936222
jaberwok,1658936222
jack-413,1658936222
jackadullboy67,1658936222
jackcoleman,1658936222
jackk91,1658936222
jacknoris,1658936222
jackputt99,1658936222
jacobdcarlson,1658936222
jadedmantis,1658936222
jadm1978,1658936222
jaimefw,1658936222
jairchampion,1658936222
jakey848,1658936222
jakgreek,1658936222
jamal_hamza,1658936222
jamantap,1658936222
james51358,1658936222
jamesbryant78,1658936222
jameseverard,1658936222
jameshill,1658936222
jamesreed88,1658936222
jamessbond007,1658936222
jamesthefirst,1658936222
jamesthetall,1658936222
jamestk,1658936222
jamiethegunner,1658936222
jammybambo,1658936222
jamol3852,1658936222
jan6363,1658936222
janbess,1658936222
jande524,1658936222
janez60,1658936222
jankoesp,1658936222
januszd,1658936222
jarel1,1658936222
jarethosborne,1658936222
jaromirprochazka,1658936222
jasknes77,1658936222
jaswant_s,1658936222
jaumei,1658936222
javierfernandezbarrero,1658936222
jay71,1658936222
jay_1944,1658936222
jayeggert,1658936222
jazicr,1658936222
jazzthebass,1658936222
jbsfe1812,1658936222
jcohen42,1658936222
jcvila,1658936222
jd-ex,1658936222
jdhgriffin,1658936222
jdiamant07,1658936222
jdk1962,1658936222
je-cabangcla,1658936222
jean-marielemire,1658936222
jean_de_louvre,1658936222
jebent,1658936222
jebusdatolo,1658936222
jechaffins,1658936222
jediel73,1658936222
jedraszekp,1658936222
jefferson_chess_br,1658936222
jeffjmcintire,1658936222
jeffmthomas,1658936222
jenecoc,1658936222
jenni66,1658936222
jenseni,1658936222
jensfoe,1658936222
jerryvangoor,1658936222
jes1969w,1658936222
jessy75,1658936222
jestey,1658936222
jesus_lucia,1658936222
jet61,1658936222
jf1,1658936222
jf_the_best,1658936222
jg1,1658936222
jg29,1658936222
jgbgame,1658936222
jhall282,1658936222
jhawks,1658936222
jhonsosa,1658936222
jiffyc,1658936222
jigonkbao,1658936222
jijicas,1658936222
jim5489,1658936222
jimbo0001,1658936222
jimbob67,1658936222
jimboki,1658936222
jimcooley3rd,1658936222
jimmyondioline,1658936222
jindra-10,1658936222
jiriki_longfellow,1658936222
jj333,1658936222
jjh-96,1658936222
jk7,1658936222
jkiller,1658936222
jkpopov,1658936222
jkuiper,1658936222
jllister,1658936222
jlmolgar,1658936222
jmontesn,1658936222
jn64,1658936222
joaopaulomtmirandapeluchi,1658936222
jocke_1,1658936222
jocls,1658936222
jocmil,1658936222
jodares,1658936222
joe55460,1658936222
joe_legg,1658936222
joel_40,1658936222
joelorax,1658936222
joesamo72,1658936222
joeskil,1658936222
joeydalles1242,1658936222
john_chandler,1658936222
john_d,1658936222
john_trotta,1658936222
john_warren,1658936222
johnadab,1658936222
johnb2007,1658936222
johnbager,1658936222
johnclapson,1658936222
johngd63,1658936222
johnkeoghofearth,1658936222
johnlitvin,1658936222
johnnyboy1576,1658936222
johnnyolbc,1658936222
johnnyu,1658936222
johnpfred,1658936222
johnrossi,1658936222
johnsabin,1658936222
johntoft,1658936222
johnwickham,1658936222
johnxwood,1658936222
jojonjj,1658936222
jokerjones20,1658936222
jokers064,1658936222
jokin-garralda,1658936222
jollyolly,1658936222
joluches,1658936222
jonah_coenen,1658936222
jonathan8990,1658936222
jonathanmaier,1658936222
jonathansmuggler,1658936222
jonbchess1,1658936222
jonboi197501,1658936222
jonhixx,1658936222
jonmacf,1658936222
jonmill,1658936222
jonnyjoint,1658936222
jonoda,1658936222
jonpriebe,1658936222
jontyroach,1658936222
jordanh,1658936222
jorgeargerich,1660333790
jorgepellicera,1658936222
jorgxt,1658936222
jorkmantorres,1658936222
jorobs,1658936222
jose_alberto63,1658936222
jose_kagaoan,1658936222
joseignacio57,1658936222
josephbelcastro,1660333790
josephbsarani,1658936222
josephm000,1658936222
joshphipp,1658936222
josian5,1658936222
joss_bartleet,1658936222
jostbeermann,1658936222
josue012,1658936222
journeypastor,1658936222
joy10,1658936222
joydeep6772,1658936222
jpcheck,1660518744
jpcrisol1,1658936222
jpf917,1658936222
jpk77,1658936222
jpphilip,1658936222
jpzheng,1658936222
jrlott,1658936222
jrodri49,1658936222
jsamgd,1658936222
jsatiger,1658936222
jsr_dijon,1658936222
jstow,1658936222
jthomas2b,1658936222
jtkmoss,1658936222
juandrisav,1658936222
juanernestonovoa,1658936222
juanesp,1658936222
juangrisart,1658936222
juanluisruiz,1660422347
juanpacheco1,1658936222
juanxeneixe12,1658936222
judger1,1658936222
jugrnot,1658936222
juiceboy007,1658936222
jul_kev,1658936222
jules_raider,1658936222
juliasou,1658936222
juliochen,1658936222
junglechess,1658936222
junglejoueur6,1658936222
jupare,1658936222
jupp90,1658936222
jurica1calma,1658936222
jurriaan79,1658936222
justaleks,1658936222
justapawn2,1658936222
justarooky,1658936222
justinsums,1658936222
justwanderer,1658936222
jvertes,1658936222
jypet,1658936222
kadija2203,1658936222
kaelisar,1658936222
kaesbaer,1658936222
kafiaking,1658936222
kaiserjose,1658936222
kajobas2003,1658936222
kaku74,1658936222
kalayaan003,1658936222
kaliman1175,1658936222
kaljop,1658936222
kalojan,1658936222
kambiz_rafi,1658936222
kamensko,1658936222
kamjan,1658936222
kandrzet,1658936222
kandymat,1658936222
kanelaki,1658936222
kaneschess12,1658936222
kangru,1658936222
kano995,1658936222
kaonsral,1658936222
kapelskrysh,1658936222
kareemblack,1658936222
karimcannes,1658936222
karimherroui,1658936222
karlbeyleveld,1658936222
karlozko,1658936222
karlwhite,1658936222
karmeleone,1658936222
karons,1658936222
kasmith,1658936222
kastelanin,1658936222
kaszassandor,1658936222
kathang_diwa,1658936222
kautilya68,1658936222
kawaii_index,1658936222
kaymishra,1658936222
kaysin99,1658936222
kayuu23,1658936222
kbarth,1658936222
kblunt333,1658936222
kbrownmx,1658936222
kdimakis,1658936222
keiscuzoen,1658936222
kekic76,1658936222
keks2017,1658936222
kel1968,1658936222
keljosh,1658936222
kelskye,1658936222
kempokempo,1658936222
kenbenton,1658936222
kerem79,1658936222
keres1982,1658936222
kermadec01,1658936222
kerniggut,1658936222
kerri-jo,1658936222
kerrystead,1658936222
kerteszk,1658936222
kevlinbert,1658936222
kgdcia,1658936222
khan2670,1658936222
kidchess2500,1658936222
kikera,1658936222
kikiok,1658936222
killerinstinct33,1658936222
killerkween,1658936222
kindpawn,1658936222
king1264,1658936222
king78f,1658936222
king960,1658936222
king_jeffrey_lechez,1658936222
kingcawhey,1658936222
kingdomswagg,1658936222
kinggkongg,1658936222
kingofkings95,1658936222
kingofthenorth,1658936222
kingonastring,1658936222
kingoswald,1658936222
kingslayer4321,1658936222
kingtrader,1658936222
kirbyhasarevenge,1658936222
kirill422,1658936222
kirilsavino,1658936222
kittyb,1658936222
kjbaker36,1658936222
kjlyne,1658936222
kk-1,1658936222
klasbritse,1658936222
klasnic,1660333327
klausgmadsen,1658936222
klecken,1658936222
kliprsa,1658936222
kmir2-d2,1658936222
kmqureshi100,1658936222
kneonlight,1658936222
kng,1658936222
knight2012,1658936222
knight593,1658936222
knightbeatsall,1658936222
knightcharles,1658936222
knightdive,1658936222
knightgallant00,1658936222
knightgirl385,1658936222
knightguy,1658936222
knightmareassassin,1658936222
knightrider185,1658936222
knightsofnick,1658936222
knotted,1658936222
knowledgeablebeard,1658936222
koehlo13,1658936222
kolly2019,1658936222
koltcho72,1658936222
kolubarac78,1658936222
konstantinos830,1658936222
kopuram,1658936222
kopyae4589,1658936222
korboldarter,1658936222
korest1976,1658936222
koroushkabir,1658936222
korsares,1658936222
kotov2000,1658936222
krajek6,1658936222
kramin,1658936222
kramraek,1658936222
krasikirchev,1658936222
krasitzz,1658936222
krinakrina,1658936222
kringtord,1658936222
krisstianes_017,1658936222
krm28,1658936222
kronus11,1658936222
krunicm,1658936222
kruntana,1660333327
krvelkov,1658936222
kryshevalshik,1658936222
ksandaker,1658936222
ktahmooresi,1658936222
ktsquangkhanh,1658936222
kuckudulis,1658936222
kuharigor1959,1658936222
kuk143,1658936222
kulish_vasiliy,1658936222
kulsatish,1658936222
kumar_saket1979,1658936222
kungfupanda2004,1658936222
kuntakente,1658936222
kurilow,1658936222
kurtogluu,1658936222
kutyus,1658936222
kvv05,1658936222
kwa1,1658936222
kwatson27,1658936222
kwm0110,1658936222
kwokman,1658936222
kxt18,1658936222
kylemck1,1658936222
kylewar,1658936222
kyrish,1658936222
l0n3-p4wn,1658936222
ladko,1658936222
lady_outlaw,1658936222
ladyofthe_knight,1658936222
lafleur1957,1658936222
lakandiwa,1658936222
laker32,1658936222
laki_juhar,1658936222
lalo0675,1658936222
lalos,1658936222
lamascarademon,1658936222
lambares,1658936222
lambertus,1658936222
lanceval,1658936222
landau96,1658936222
landon1981,1658936222
langbein,1658936222
lannes_jean,1658936222
lardonio,1658936222
lardy28,1658936222
laremaro,1658936222
laseve91,1658936222
lashomb23,1658936222
lasseden10,1658936222
lastrolo0,1658936222
lastshark,1658936222
lasvegaslife,1658936222
latecafe,1658936222
laut_selatan,1658936222
lavasalad,1658936222
lavrichenko,1658936222
lazardel,1658936222
lazarorojas6312,1658936222
lazroman,1658936222
lazy_gun,1658936222
lazyoyster,1658936222
lcsaloon,1658936222
ldpaxton,1658936222
leadweight2,1658936222
lebeane,1658936222
ledainstudent72,1658936222
lee_w,1658936222
leechess2021,1658936222
leethechicken,1658936222
leetilton,1658936222
leflaneurbreton,1658936222
lefleurdeny,1658936222
leglessbird,1658936222
leigh981,1658936222
leimonus,1658936222
leiten1,1658936222
leko7,1658936222
len2016,1658936222
len31,1658936222
lenas1975,1658936222
lenjos,1658936222
lenkahblov,1658936222
leo_kaeferstein,1658936222
leomcl,1658936222
leomuchenje,1658936222
leonc,1658936222
leonhh,1658936222
leonvanrooyen,1658936222
leoschmoll,1658936222
leovip,1658936222
letmewinpls7,1658936222
letu,1658936222
lev1791,1658936222
level28,1658936222
liammor,1658936222
liamrusselle,1658936222
libra_64,1660518744
librarianowl,1658936222
lico87,1658936222
licolu,1658936222
liencam2,1658936222
lightningkiwi,1658936222
liluclau,1658936222
limbus74,1658936222
limehouse2,1658936222
limjones,1658936222
lincolnheights,1658936222
linearmarlin,1658936222
linge44,1658936222
linzinkhine,1658936222
lion01955,1658936222
lion_007,1658936222
liormedvinsky,1658936222
liquidforce99,1658936222
lircaviorel,1660422347
lisachaina,1658936222
lisandroes,1658936222
lithonius,1658936222
little-jim,1658936222
littlemanpaul,1658936222
littlepuffling,1658936222
lixilox,1658936222
lizziexlizzle,1658936222
ljudet_innan6969,1658936222
lktoliver,1658936222
lleevv,1658936222
llopfosc,1658936222
llthomasll,1658936222
lmacdonald5288,1658936222
lmmart-7,1658936222
lmmduarte,1658936222
logsy,1658936222
loki_82,1658936222
londonlark,1658936222
longdiagonal43,1658936222
loosecannons,1658936222
lord_axe,1658936222
lord_benjou,1658936222
lord_edmund,1658936222
lord_leon,1658936222
lordchesseline100,1658936222
lordgoig,1658936222
lordmamu,1658936222
lordmwa,1658936222
lordtblack,1658936222
lorenz3000,1658936222
lorilen84,1658936222
loughderg,1658936222
lpiedra,1658936222
lrjbman,1658936222
luarsoleil,1658936222
lubosm,1658936222
luciantm,1658936222
lucibot,1658936222
luciferbitterman,1658936222
luckyhappychappy,1658936222
luckyleftydetroit,1658936222
lufcab,1660420135
luigi1113,1658936222
luihui,1658936222
luijo47,1660333790
luisdbolanos,1658936222
luistui,1658936222
lukachiqovani,1658936222
lukelarry,1658936222
lukeowen,1658936222
lukyjo,1658936222
lumberjack13,1658936222
lunchtimechess,1658936222
lurcherone,1658936222
lurker2099,1658936222
luuquocviet,1658936222
luwasserman,1658936222
lux47,1658936222
lvquan006,1658936222
lxnnyx,1658936222
lyub-ko,1658936222
lyudmylabuchyn,1658936222
lza78,1658936222
m0nkeytrousers,1658936222
m13xx,1658936222
m1chael11,1658936222
m1d1p,1658936222
m210297,1658936222
m3tafl0ps,1658936222
maalgara,1658936222
maanas261558,1658936222
macabreska,1658936222
macbook99,1658936222
macchesssa,1658936222
macfeej,1658936222
machine_learning,1658936222
mackoff,1658936222
macqo,1658936222
macrahe,1658936222
madaiancu,1658936222
madanselili,1658936222
madbad73,1660421114
madknightg8,1658936222
madmonch,1658936222
madsklz,1658936222
magarc,1658936222
magic_boy888,1658936222
magneticmorgan,1658936222
magnus_carl_seen,1658936222
maher_alhasan,1658936222
mahirw,1658936222
mahmoud1957,1658936222
maidfordrook,1658936222
maimai05,1658936222
makeen2013,1658936222
maker74,1658936222
makeralvin,1658936222
makrbb,1658936222
makso-ukr,1658936222
maksvk,1658936222
maktarchant,1658936222
malaki0323,1658936222
maleficussanctus,1658936222
malinaru,1658936222
malishious,1658936222
malko,1658936222
malvic,1658936222
malvolio62,1658936222
mamal4040,1658936222
mamba214,1658936222
mancave29,1658936222
manchesstercity,1658936222
maneckn,1658936222
maneman,1658936222
manitarius,1658936222
mannycalavera11,1658936222
manonfire_jer,1658936222
manosgal,1658936222
manselton,1658936222
mansourmesdaghi,1658936222
manuelgomez,1658936222
manuelgorislorenzo,1658936222
manvelghazaryan,1658936222
manvelghazaryanz,1658936222
manya1969,1658936222
mar3i,1658936222
maratderdzyan,1658936222
maratgb,1658936222
marathonmomma,1658936222
marc_atherton,1658936222
marcbrah,1658936222
marcel0707,1658936222
marcelda,1658936222
marceldascalescu,1658936222
marcelllorincz,1658936222
marchenko_vadim,1658936222
marcinms24,1658936222
marcus_berry,1658936222
marengo2015,1658936222
maresole,1658936222
margalita_natelauri,1658936222
maria_rebecca,1658936222
marian810,1658936222
marian8806,1658936222
marianneolsen,1658936222
mario1transalpina,1658936222
mario_as,1658936222
maritoma,1658936222
mariusisu1,1658936222
mariusm1983,1658936222
mark-ch,1658936222
markarob,1658936222
markbol,1658936222
markbv,1658936222
markdennison,1658936222
markgoldshtein,1658936222
markh01,1658936222
markinmo,1658936222
markovitez,1658936222
markscooter10,1658936222
marktormanen,1658936222
markusmaurer,1658936222
markusorelious,1658936222
marlin1875,1658936222
marooned,1658936222
marsambassador,1660518744
marsdelpueblo,1658936222
martinkojo,1658936222
martinnikolovski123,1658936222
martinspg,1658936222
martinzichy,1658936222
martyriko,1658936222
marv1362,1658936222
marvicestocapio,1660420135
masibo,1658936222
maske2,1658936222
masterbooboo,1658936222
masterdean00,1658936222
mastermatthew52,1658936222
mastersandi,1658936222
matb86,1658936222
mateo-rivera-2004,1660333790
mateuspaier,1658936222
mathbandit,1658936222
mathmaster_68,1658936222
matiasc006,1658936222
matima,1658936222
matiuuuu85,1658936222
matt6261,1658936222
mattes76,1658936222
matteschaak,1658936222
matthewch6v14,1658936222
matthiask24,1658936222
mattisian,1658936222
mattmma22,1658936222
mattsher100,1658936222
mattspry,1658936222
maxiache,1658936222
maximkolpakov,1658936222
mayhemone4,1658936222
mazkadikis,1658936222
mb68,1658936222
mbeaudoin,1658936222
mbechirdc,1658936222
mccarthyjames19,1658936222
mcdoogey,1658936222
mchang1229,1658936222
mchuzz,1658936222
mcnarek,1658936222
mcnulty61953,1658936222
me4ok,1658936222
mealomaniac,1658936222
meangene96,1658936222
meanreverter,1658936222
meansoutine,1658936222
medhatkishk,1658936222
mediagrapher,1658936222
medimehdi,1658936222
mehulkj,1658936222
meidan_s,1658936222
meladze99,1658936222
melih34,1658936222
meliton,1658936222
melvinkentsowder,1658936222
memento_mori_primis,1658936222
memo_fkm,1658936222
meninkain,1658936222
mentalhurricane,1658936222
menthe,1658936222
mercedonyus,1658936222
merogrog,1658936222
merryhatman,1658936222
mervyns,1658936222
meskogn,1658936222
messageinabubble,1658936222
messi000,1658936222
messmilligan,1658936222
metamorphosis_177013,1658936222
metkonen,1658936222
metokur,1658936222
mexcal1975,1658936222
mfh1974,1658936222
mfo66,1658936222
mfreke21,1658936222
mgalli,1658936222
mhgoss,1658936222
mi15258,1658936222
miaunescu,1658936222
micah-r,1658936222
michael85w,1658936222
michael93bell,1658936222
michaelkitchen,1658936222
michaelkushar,1658936222
michaelmarmorstein,1658936222
michail_tal,1658936222
michelangelo111,1658936222
mickey222,1658936222
mickeyren1,1658936222
mickscan,1658936222
midgardsormur,1658936222
midnight_rambler,1658936222
midnightluxury,1658936222
miguellamas67,1658936222
miguelmessi,1658936222
mihael154,1658936222
mihail315,1658936222
mihaivcf,1658936222
mike_reid,1658936222
mike_sheridan,1658936222
mikecpking,1658936222
mikelikesbikes23,1658936222
mikeoneil98,1658936222
mikevillages,1658936222
miki-zavidovici,1658936222
miki4fun,1658936222
mikk7670,1658936222
mila350,1658936222
milanzv,1658936222
mildano,1658936222
mildred3,1658936222
millsteach,1658936222
milotoys,1658936222
mimasia,1658936222
minadobs,1658936222
minamina18,1658936222
minuvach,1658936222
miqayelkhachatryan,1658936222
miqo7,1658936222
mirakubat,1658936222
miralselchintet,1658936222
mirekjjl86,1658936222
mirianberadze,1658936222
miro_mb,1658936222
miroslawl,1658936222
mirvi008,1658936222
mischa1980,1658936222
misha1chess,1658936222
mistakesrme,1658936222
misterandyjones,1658936222
misterb111,1658936222
misterwindupbird,1658936222
misticknights13,1658936222
mititelucristi,1658936222
mitkis71,1658936222
miyagi,1658936222
mkouter,1658936222
mkreps,1658936222
ml72,1658936222
mladenkrsic,1658936222
mmadaras,1658936222
mnemon72,1658936222
mnorbert87,1658936222
mo_chesss,1660333790
moadd,1658936222
moasta,1658936222
mobarez,1658936222
modo_modo,1658936222
modun,1658936222
mohamadbasir,1658936222
mohamed4365,1658936222
mohamed_azizfadhel,1658936222
mohammad-vilan,1658936222
mohssenmohebbi,1658936222
moiseyb,1658936222
mojimbo_6,1658936222
mojoworking,1658936222
mokry88,1658936222
molay33,1660420135
moleff2020,1658936222
molpeter84,1658936222
momobenni,1658936222
monadjib,1658936222
mondfell,1658936222
monkeywithgun,1658936222
monsoeren,1658936222
monstrmuley,1658936222
montfort,1658936222
montyspringer,1658936222
mookjw,1658936222
moomoofarm1,1658936222
moondog7911,1658936222
moradanwar,1658936222
morgue85,1658936222
morphy1983,1658936222
morte00,1658936222
moscatirar,1658936222
mosquitoo99,1658936222
mostich,1658936222
mosx1,1658936222
mot62,1658936222
moteletsanemasemola,1658936222
moteque,1658936222
moto-guzzi,1658936222
mounirgaiji,1658936222
move_master11,1658936222
mozsik,1658936222
mr-frank,1658936222
mr_etc,1658936222
mr_fortyseven,1658936222
mr_majestic98,1658936222
mr_mow_joe,1658936222
mr_pacheco,1658936222
mrcotch,1658936222
mrelzain,1658936222
mrfishboy,1658936222
mrjt1270,1658936222
mrksherrmann,1658936222
mrmillstream,1658936222
mrmoney1,1658936222
mroa0599,1658936222
mrsuitcase,1658936222
mrtn,1658936222
msa1994,1658936222
msfuzzywalker,1658936222
msmiljevic,1658936222
msolache,1658936222
msoliver,1658936222
msolores,1658936222
msqueeny0609,1658936222
mstoev88,1658936222
msv68,1658936222
mtdelacruzcavite,1658936222
mtjc,1658936222
mtjstr9997,1658936222
mtoti63,1658936222
mtstone,1658936222
mttww,1658936222
muath_bh,1658936222
mudgrudfud,1658936222
muharem59,1658936222
muhnase,1658936222
multon,1658936222
munanaim,1658936222
munari,1658936222
muqaddamshakirova,1658936222
muratak,1658936222
musicplayer99,1658936222
mutesmates,1658936222
mvenkatasridhar,1660333790
myauno,1658936222
mybishop1,1658936222
mykola_65,1658936222
mykser,1658936222
mylesskinner,1658936222
myriad58,1660518744
mysterycas,1658936222
n64bondplayer,1658936222
na_brown,1658936222
nadi1113,1658936222
nagdalyan,1658936222
nagendragowda,1658936222
nahor73,1658936222
naitikkadam,1658936222
namu35950,1658936222
nanael-sama,1658936222
nannorijnders,1658936222
nar14,1658936222
narenpa,1658936222
narimanom007,1658936222
nashlypol,1658936222
nashwannmahfoud,1658936222
nasso889,1658936222
nastradamuz,1658936222
nastyushechka,1658936222
nayyar1973,1658936222
nc55,1658936222
ndavanzo,1658936222
necroscope640,1658936222
nedthecrazybishop,1658936222
neelsskaak1,1658936222
nefasto973,1658936222
neha199602,1658936222
neithsia,1658936222
nek2012,1658936222
nel364,1658936222
neo503,1658936222
nepali_chess2019,1658936222
nesko_ruse79,1658936222
nevaground,1658936222
neverbeforeseenname,1658936222
neville2016,1658936222
newfischer78,1658936222
ngb1066,1658936222
nhaygoodjr,1658936222
nicandrocastaneda,1658936222
nichabodnik,1658936222
nichaki,1658936222
nichols_ted,1658936222
nick38389,1658936222
nicolagullo,1658936222
nicolapre,1658936222
nicolas7544,1658936222
nicolasjouault,1658936222
nicopingchess,1660518744
nihili75,1658936222
nikdelhossein,1658936222
nikin51,1658936222
nikolay1970,1658936222
nikoz10,1658936222
nilap1978,1658936222
nilocra_the_white,1658936222
nimavi,1658936222
nimbleknight,1658936222
nimos01,1658936222
nimzo_1965,1658936222
ninifu,1658936222
nirvana,1658936222
nisal2000,1658936222
nit3shk,1658936222
nitalnistein,1658936222
nkosi05,1658936222
nks1402,1658936222
nmgn,1658936222
noactionrequired,1658936222
noahti2,1658936222
noelbernilsr,1658936222
noestutia,1658936222
nokiokid,1658936222
nominoe63,1658936222
nonblinker,1658936222
nonokeeper,1658936222
norfolkl,1658936222
normanbauschke,1658936222
northcliff304,1658936222
nos_divad,1658936222
notfrankturner49,1658936222
notjamo,1658936222
notsolucky21,1658936222
notused,1658936222
nov75,1658936222
novioprades,1658936222
nqmaime,1658936222
nrmalde,1658936222
nsy2ndteam,1658936222
nuberu,1658936222
nudger12,1658936222
nuncle,1658936222
nuran93,1658936222
nurdinhas,1658936222
nurn191,1658936222
nuzniy24,1658936222
nvow,1658936222
nvqcharles2000,1658936222
nwolf832,1658936222
nyimyoaung,1658936222
nytemere,1658936222
obi707,1658936222
obrezaa,1658936222
october1979,1658936222
octopus2103,1658936222
odbam,1658936222
odd623,1658936222
odevries,1658936222
odin7cielo,1658936222
odygaj,1658936222
oe24,1658936222
oekm,1658936222
officialshawa,1658936222
ofitzer,1658936222
oghaab22,1658936222
ogicres,1658936222
okuio,1658936222
ola-v,1658936222
olafkrackov,1658936222
olcmarcus,1658936222
oldbones51,1658936222
oldsavage,1658936222
oldwelshbloke,1658936222
olegbondarenko,1658936222
olemvik,1658936222
oli_kimbo,1658936222
olivalur,1658936222
oliver1518,1658936222
oliver271828,1658936222
oliverguillermo,1658936222
oliverolich,1658936222
ollyh,1658936222
ollyr,1658936222
olpl,1658936222
oluwatomi,1658936222
omand41,1658936222
omariozo,1658936222
omatikaya,1658936222
omgdidirealyjustsact,1658936222
omidrahimi1369,1658936222
omkumis,1658936222
omnipaul,1658936222
onefineham,1658936222
onein144k,1658936222
onion-0812,1658936222
onks76,1658936222
opensquirrel,1658936222
orangered,1658936222
orangevillemike,1658936222
orank1234,1658936222
orciety,1658936222
orpailleur,1658936222
orzhel00,1658936222
osagolub,1658936222
osang12345,1658936222
oscar22,1658936222
oscarbenitez,1658936222
oscarcastle,1658936222
oscarpetherick,1658936222
osher12345,1658936222
osmanomeragic,1658936222
ossie57,1658936222
osten8,1658936222
oszapo62,1658936222
oth42,1658936222
ottgm,1658936222
ouitstaapen,1658936222
oulayoulay,1658936222
ouroboros,1658936222
ouroborus2013,1658936222
ovidiu-73,1658936222
owlman80,1658936222
owlyowl,1658936222
oxidizer7,1658936222
ozimov13,1658936222
ozza0001,1658936222
p41100,1658936222
paardman65,1658936222
paavo,1658936222
pabloandres,1658936222
paciencio14,1658936222
paco_javier,1658936222
pacoloja,1658936222
paddleman59,1658936222
paddy1962,1658936222
padundee,1658936222
paidiosuilleabhain,1658936222
paingloss,1658936222
pajde,1658936222
pakonan,1658936222
pal05,1658936222
pal1n0,1658936222
paleologos11,1658936222
palidan5,1658936222
pallsigurdsson1,1658936222
palmeros48,1658936222
pam234,1658936222
panader1s,1658936222
panamera_jeb,1658936222
pangus,1658936222
pannalman,1658936222
panosgagalis,1658936222
pantic1,1658936222
paolo55,1658936222
paolomiso,1658936222
papa_456,1658936222
papadabear514,1658936222
papadew505,1658936222
papafrancescoxv,1658936222
papaguy,1658936222
papikoke22,1658936222
papillian,1658936222
papitocanel,1658936222
papsnoek,1658936222
papucsos74,1658936222
parabola_traveller,1658936222
parafone,1658936222
parappo,1658936222
pasaden,1658936222
pashaura1,1658936222
pashmak1978,1658936222
pastapeperoni,1658936222
pathfinder64,1658936222
pathyjr,1658936222
patpatt,1658936222
patpong,1658936222
patrick_70,1658936222
patrikbe,1658936222
patriotic,1658936222
patrykkchess,1658936222
patzerific,1658936222
paul20061220,1658936222
paul_uk,1658936222
paulcharlesmorphy88888888,1658936222
paulh1958,1658936222
paulhumphreys,1658936222
paullaurance,1658936222
paulnrjones,1658936222
paulthebaul,1658936222
paultheplugg,1658936222
paulywalnuts,1658936222
pavel999999,1658936222
pawnaround,1658936222
pawnpusher103,1658936222
pawnpusher59,1658936222
pawnsquad,1658936222
pawny-devil,1658936222
pb-hal,1658936222
pc4eo,1658936222
pcaligiu,1658936222
pcont,1658936222
pcrocker33,1658936222
pd_chess4life,1658936222
pdatzira,1658936222
peano724,1658936222
pebbles123,1658936222
pedja789,1658936222
pedro_mateo,1658936222
pejoko,1658936222
pelikaan,1658936222
pelouche,1658936222
pendyala1,1658936222
peoncolorado,1658936222
pepe-le-pew3,1658936222
pepp7,1658936222
pequive,1658936222
perkinsperky2,1658936222
persaq,1658936222
pertinhez76,1658936222
peteepete81,1658936222
petehs,1658936222
petek17,1658936222
petekasparov,1658936222
peter-hornsby,1658936222
peterb1517,1658936222
peterchaplin,1658936222
petespoker,1658936222
petipion,1658936222
petitesirah217,1658936222
petkoshah,1658936222
petobalaz6996,1658936222
petr_zacek,1658936222
petraberts,1658936222
petrolifero,1658936222
petromich1967,1658936222
petya31,1658936222
pevans666,1658936222
pezza64,1658936222
pfcanass,1658936222
pgarama,1660518744
ph_corvus_albus,1658936222
phantom73,1658936222
phfitzgerald,1658936222
philabbott,1658936222
philbart,1658936222
philbgolf,1658936222
philcorrin,1658936222
philidor_legacy,1658936222
philipboyle,1658936222
philome0,1658936222
philoupolos,1658936222
philthepowerful,1658936222
phiupan,1658936222
phoebus7200,1658936222
phoenixascent,1658936222
phoenixrise89,1658936222
pi11grim,1658936222
piarganchan,1660420135
pickle47,1658936222
pieces08,1658936222
piersofexton,1660333790
pieterdf123,1658936222
pietrocotroneo8,1658936222
pietromoretti,1658936222
ping59,1658936222
pingpong1954,1658936222
pinkesh13,1658936222
piotrd11,1658936222
piotrf,1658936222
pipersdram,1658936222
pista460823,1658936222
pistoulasa,1658936222
piv1971,1658936222
pjasodactyl,1658936222
pkinnicutt,1658936222
plamen196565,1658936222
plamen77,1658936222
planteverte222,1658936222
plappo,1658936222
plas60,1658936222
plascornel,1658936222
plimsol,1658936222
plsec,1658936222
pluk1978,1658936222
plumptonred,1658936222
plurality,1658936222
pmjm61,1658936222
pmscarecrow,1658936222
pocky74,1658936222
pocoloco-1,1658936222
poete-sans-boheme,1658936222
polarcita,1658936222
poluxland,1658936222
polyhedralpig,1658936222
ponan00,1658936222
ponderinguy,1658936222
ponuryzajac,1658936222
poojarysachin1979,1658936222
poppabearm,1658936222
posthumousotoole,1658936222
postieuk,1658936222
potatojesus1,1658936222
poucetoi,1658936222
pougelstad,1658936222
powerchokes,1658936222
powerish,1658936222
powerpufgirl,1658936222
pradeepmurthy95,1658936222
prapas1024,1658936222
praveeensamj2,1658936222
prestonpapa,1658936222
pretty_hate_machine,1658936222
prettyx,1658936222
prezrio4,1658936222
prioryparade,1658936222
prodri17,1658936222
prof-rich,1658936222
prokaryote,1658936222
prom1theus,1658936222
prometheus_fuschs,1658936222
prophali,1658936222
prostetnicvogonjeltz,1658936222
provice,1658936222
pseudonymus,1658936222
pss03d,1658936222
pstoddard,1658936222
psych4052000,1658936222
publicano,1660422347
pulpopaz,1658936222
pumas91,1658936222
pumly,1658936222
putman57,1660333790
putneypawn,1658936222
putrizabous,1658936222
pvaly58,1658936222
pwarther,1658936222
pwna8,1658936222
px150,1658936222
pyakurelhc,1658936222
qafarovv,1658936222
qossmean,1658936222
qqpk,1658936222
quack_ster,1658936222
quail3796,1658936222
quarktonic,1658936222
quas_primas,1658936222
queeneatingdragon,1658936222
queenshead,1658936222
quequeg,1660333327
quico00,1660420135
quiqueajedrez1,1660333790
quracar,1658936222
r_nirutti,1658936222
rachel58,1658936222
racso_vc,1658936222
radconmotu,1658936222
raderadic,1658936222
radeta,1658936222
radioheadthesmiths,1658936222
radnorth,1658936222
raf610,1658936222
rahara1988,1658936222
raheemas,1658936222
rahimchavoshi,1658936222
rahul2018archana,1658936222
rainman33,1658936222
rainowlad,1658936222
raison88,1658936222
raja_2142,1658936222
rajesh_para,1658936222
rakenightfur,1658936222
rakieta1980,1658936222
ralpp,1658936222
ramezelmassry,1658936222
ramgi,1658936222
ramichess,1658936222
ramon,1660518744
ran19dom,1658936222
rangelv16,1658936222
raomantic,1658936222
rapman,1658936222
rashid177,1658936222
raskolnikov_8,1660420135
rasmuslc1,1658936222
rattusgangstus,1658936222
raulmsanchez,1658936222
ravadu123,1658936222
ravenloche,1658936222
ravi54,1658936222
ray257,1658936222
rayirth_vats,1658936222
raysawy64,1658936222
rayv,1658936222
rayvisser,1658936222
razin1671,1658936222
razors52,1658936222
rcashman,1658936222
rdeschain_89,1658936222
rdiet,1658936222
rdn2013,1658936222
rdoonan,1658936222
realbacano,1658936222
realchessnut,1658936222
realmofspirits,1658936222
rebellxsky,1658936222
rebelwriter,1658936222
rebintex,1658936222
receptiveking,1658936222
recolor,1658936222
red2wedge,1658936222
redbicho,1658936222
redblue777,1658936222
redborys,1658936222
redbuild63,1658936222
redbullet93,1660333790
reddalek,1658936222
reddersn,1658936222
redenot,1658936222
redhatx,1658936222
redknight27,1658936222
redknightskewered,1658936222
redlegs13,1658936222
redman,1658936222
redsky333,1658936222
redsox1970,1658936222
redspecial,1658936222
redsprite,1658936222
regicidalmaniac3321,1658936222
regoarrarr,1658936222
remedyseeking,1658936222
remmus1,1658936222
remmy_b,1658936222
remover218,1658936222
renenpaulosborn,1658936222
reneprochazka323,1658936222
renier66,1658936222
respawningarmy,1658936222
reti1,1658936222
retsam100,1658936222
retsam9000,1660422347
rev723,1658936222
reyantonio2do,1658936222
reyartiles,1658936222
reydeespadas,1658936222
rez123456,1658936222
reza240,1658936222
rezaa2018,1658936222
rezaaman,1658936222
rfrrfr,1658936222
rha3gar,1658936222
rhutcheson,1658936222
ribeirobr1,1658936222
richardbarski,1658936222
richardhigham,1658936222
richarditho,1658936222
richardmmartin,1658936222
richards8626,1658936222
richcolorado,1658936222
richhoare87,1658936222
richiesangs,1658936222
rickpc,1658936222
rimas4,1658936222
rimsky33,1658936222
riosl,1658936222
riotheaverage,1658936222
risosir,1658936222
ristoalexander,1658936222
riten,1660333327
river2horses,1658936222
rivermonster60,1658936222
rizvanbaku,1658936222
rj240616,1658936222
rjbue,1658936222
rjcc_paul,1658936222
rjdavison,1658936222
rjohoh,1658936222
rjproton,1658936222
rlozinak,1658936222
rlparkeruk,1658936222
rnruiz,1658936222
rnt2021,1658936222
ro_flores,1658936222
rob_appleby,1658936222
robbiebobic,1658936222
robdonchess,1658936222
robe10,1658936222
robe178,1658936222
robert12000,1658936222
robert_georgescu,1658936222
robertgerrard,1658936222
robertharris,1658936222
robertkeitz111,1658936222
roberto-1995,1658936222
robertolton,1658936222
robertovanni,1658936222
robertqto,1658936222
roberttimothius,1658936222
robi2,1658936222
robindahood2k,1658936222
robmclaren,1658936222
robpue,1658936222
rochess123,1658936222
rockmalupit,1658936222
rodgerroadstar99,1658936222
rodolfo1970,1658936222
rodrigueselvio,1658936222
rodrlev,1658936222
rodwin88,1658936222
rogan_gangoso,1658936222
roger987,1658936222
rogerthecabinboy,1658936222
rohithafernando,1658936222
rojas17,1658936222
rokiwolf,1658936222
roland0815,1658936222
rolandseraspe,1658936222
roma2020_gvfxh,1658936222
romanbylar,1658936222
romangomezmarin,1658936222
romanromanyshyn,1658936222
romeroeno,1660333327
romualdas,1658936222
ron1010,1658936222
ron2969,1658936222
ronbrendanmarin,1658936222
roodenrijs,1658936222
rookbro12,1658936222
rookover,1658936222
rookyhere,1658936222
rootsrocker,1658936222
roryduthie,1658936222
rosenoire,1658936222
rotwolf,1658936222
royjeffrey,1658936222
roytherover59,1658936222
roywebbhastings,1658936222
rs_coulter,1658936222
rsalvhus,1658936222
rskuik,1658936222
rsky77,1658936222
rstables,1658936222
rtohq,1658936222
rtyrrell3,1658936222
ru5514n,1658936222
rubenchevere,1658936222
ruel123,1658936222
rufus3882,1658936222
ruger1955,1658936222
ruimarques,1658936222
rumen_stoitsev,1658936222
ruminator,1658936222
runbanjorun,1658936222
rusland1967,1658936222
ruslantuhtiev,1658936222
russelc79,1658936222
rustymcclintock,1658936222
ruy_halla,1658936222
rwwong98,1658936222
ryan-zoe,1658936222
ryancheng1162,1658936222
ryanjthompson,1658936222
ryecatcher,1658936222
s0lm0,1658936222
s1lvertiger,1658936222
s_shashish-chessbolt,1658936222
saadsalem,1658936222
sabatoli,1658936222
sacha212,1658936222
sacrificialprawn,1658936222
sad_satan_88,1658936222
sadudin,1658936222
saetta1000,1658936222
safdaralipakistaniee,1658936222
safed1986,1658936222
safehands81,1658936222
saful13,1658936222
sahaj26,1658936222
sai,1658936222
saint-eustache,1658936222
saint29,1658936222
saintsavedby-grace,1658936222
sajjadakbar,1658936222
sajmon91,1658936222
salargh222,1658936222
salemaestro,1658936222
salexharrison4151,1658936222
sallycc,1658936222
salpingidis,1658936222
salto27,1658936222
salvaje-bonifaz,1658936222
salvatoredellapatria,1658936222
salvatoredimicco,1658936222
salvatoresov,1658936222
salvatruchomarabunta,1658936222
sambir_ns,1658936222
samduck,1658936222
samharut,1658936222
samigulla,1658936222
samihgeha,1658936222
samkoemka,1658936222
samkumar0987,1658936222
sammyl1108,1658936222
samuel_a_noob,1658936222
samybayatly,1658936222
sandman5,1658936222
sandra1on1,1658936222
saniyat24,1658936222
sansonydalila,1658936222
santien79,1660333790
sanuki,1658936222
saplingwoods21,1658936222
sarabo,1658936222
saratonga,1658936222
sarge7697,1658936222
saro_ar,1658936222
sarsari,1658936222
sartresghost,1658936222
sasa333,1658936222
sasak963,1658936222
sashadan,1658936222
sasit,1658936222
sassafrasa,1658936222
sassenach65,1658936222
saulo4c,1658936222
saulofwigan,1658936222
savvyfellow,1658936222
saxzn,1658936222
saywhen,1658936222
scarletsnail,1658936222
scaroth,1658936222
scetino,1658936222
scherzos,1658936222
schinderhannes61,1658936222
schlappyc,1658936222
schrob,1658936222
schulzenfest,1658936222
scorpino76,1658936222
scorpio100,1658936222
scorpion42,1660422541
scotpaul,1658936222
scottkr,1658936222
scottr0313,1658936222
scouser86,1658936222
scouserone,1658936222
sdenchev,1658936222
sdminsocal,1658936222
sean6322,1658936222
seanclark,1658936222
seantheprawn18,1658936222
seanwmurphy,1658936222
sebastien9,1658936222
sectumsemprax,1658936222
seft,1658936222
segismund,1658936222
sehsei1983,1658936222
sejupep,1658936222
selzure,1658936222
senseievan,1658936222
sentinel2021,1658936222
seoul2seoul,1658936222
sepesh,1658936222
sequenser,1658936222
serg_booker2020,1658936222
sergei1960,1658936222
sergeledan,1658936222
sergoskz,1658936222
serigalaganteng,1658936222
setevoi,1658936222
settheorist,1658936222
sevadas,1658936222
sevans86,1658936222
shah_mate79,1658936222
shaharaim,1658936222
shahzor,1658936222
shaka_zulu_king,1658936222
shakir_ghazi,1658936222
shalomadif,1660518744
shanab12,1658936222
shaneschenkel,1658936222
shaneshaw1961,1658936222
shaolinkillerdeporco,1658936222
shawnlg777,1658936222
sheepzzz4,1658936222
sheinhtoo,1658936222
shelper,1658936222
shiaolung,1658936222
shihchuliao,1658936222
shikamaru3,1658936222
shin2010,1658936222
shnymola,1658936222
shouryavihan,1658936222
shreck1972,1660421114
shrek_leg,1658936222
shrewranger,1658936222
shreyash161094,1658936222
shrikeatb4,1658936222
shsh1010,1658936222
shuberts,1658936222
shumaaher,1658936222
shumbor,1658936222
shuwaht,1658936222
sicilian_sharp,1658936222
sidonianknight,1658936222
sidthesod,1658936222
sierrastar,1658936222
sigurd-jarl,1658936222
silversurfer7,1658936222
silviu_76,1658936222
simba007,1658936222
simbaxx,1658936222
simi_1111,1658936222
simonesapphire,1658936222
simonmoth,1658936222
simplelove,1658936222
sipablo,1658936222
sipkin19,1658936222
sir_blackfish,1658936222
sir_sigmund,1658936222
sirchasejr,1658936222
sirharold,1658936222
sirrah1,1658936222
sirwasimmuridke99,1658936222
sk-b,1658936222
skakmadam,1658936222
skakmand,1658936222
skakster,1658936222
skelterhelter99,1658936222
skenda69,1658936222
skibass,1658936222
skidre,1658936222
skillfultaxi,1658936222
skoogc,1658936222
skorpionbg,1658936222
skripkochess,1658936222
skypiercer,1658936222
slackerman9,1658936222
slav1265,1658936222
slava888,1658936222
slavco-j,1658936222
slayer1961,1658936222
sleppyfox,1658936222
slingnpi,1658936222
slow12hand,1658936222
slowyoda,1658936222
slurps51,1658936222
sly_old_fox,1658936222
smaribus,1658936222
smilingatthevoid,1658936222
smitty67,1658936222
smogol,1658936222
smoke1182,1658936222
smokeater,1658936222
sncpapa,1658936222
sneakyqueen,1658936222
snop2000,1658936222
snotnosterbol,1658936222
snowdroid,1658936222
snowpumacat,1658936222
snowshinedog,1658936222
soeren164,1658936222
soetewey,1658936222
sof_minsk,1658936222
sofialuke1983,1658936222
sofine24,1658936222
softalegenda,1658936222
sokolskyb4,1658936222
solafuthi,1658936222
solarsapien,1658936222
soligo66,1658936222
solohere,1658936222
some_guy1one3,1658936222
songsmithsam,1658936222
sonjaownsya,1658936222
sophieny,1658936222
sortov,1658936222
soulsniper99,1658936222
spahic-1,1658936222
spartak1978,1658936222
spartakbarnsley,1658936222
spasskretsok,1660420135
spencer-thalia,1658936222
spenserforhire,1658936222
sperzman,1658936222
spetrosyan,1658936222
spgabel,1658936222
sphxphx,1658936222
spidey833,1658936222
spinzero,1658936222
spiritual164,1658936222
spogi_chess,1660420135
spookyrooky64,1658936222
sporadicofficial,1658936222
spottdrossel,1658936222
sprut,1658936222
sras01,1658936222
srichakra,1658936222
sschmieta,1658936222
sspeed,1658936222
st-nut,1658936222
st-sandavagur,1658936222
st1er,1658936222
st_hubbins,1658936222
stajerc,1658936222
stanimir,1658936222
stanislavxxx,1658936222
stanjakill,1658936222
stankela75,1658936222
stanleympinganjira,1658936222
stanop,1658936222
starfox34,1658936222
starspinner,1658936222
stasjpw,1658936222
stassneyking,1658936222
stavros130277,1658936222
stavrosbhuna,1658936222
stavrosds,1658936222
steelman420,1658936222
steenie60,1658936222
stef7835,1658936222
stefano1488,1658936222
steffei94,1658936222
steinarsimensen,1658936222
stepan123123,1658936222
stephanep92,1658936222
stephano75,1658936222
stephen_play,1658936222
stephennelson-smith,1658936222
stephenwoodhouse,1658936222
stevee2,1658936222
steveforsha,1658936222
stevegleds,1658936222
steveheg,1658936222
stevehill6,1658936222
stevehogg1,1658936222
stevem58,1658936222
steven_campbell,1658936222
stevenfang96,1658936222
stevenhb13,1658936222
stevepratt,1658936222
stever44,1658936222
stevew90,1658936222
steveyorkie,1658936222
stevieg65,1658936222
steviesteve29,1658936222
stevnee,1658936222
stickman01,1658936222
stigmr,1658936222
stipitz,1658936222
stoneford,1658936222
storckm,1658936222
stormram,1658936222
storybook4,1658936222
stout322,1658936222
stpaddy,1658936222
stradbroketf,1658936222
strategydead,1658936222
stressedpebble,1658936222
strim1,1658936222
strongriddle,1658936222
stuartroyjones,1658936222
student2003,1658936222
stupid_i_am,1658936222
sudy107,1658936222
suffolkpunch,1658936222
sullamontagna,1658936222
sultan2010,1658936222
sumand,1658936222
sumnelse,1658936222
sumy58,1658936222
sunidhi_018,1660333790
sunny_q,1658936222
sunnymick,1658936222
superfluousguy,1658936222
superkasa,1658936222
superpositionm,1658936222
superprog,1658936222
surangad,1658936222
surfsnook,1658936222
susanadualte,1658936222
sushilramrakhyani,1658936222
suzumija,1658936222
svetlayordanova,1658936222
sveto,1658936222
swaterwalker,1658936222
swiatek,1658936222
swift-j,1658936222
swmike,1658936222
synapsechess,1658936222
synchronicity16,1658936222
szavcsenko,1658936222
szekelycsaba76,1658936222
szente,1658936222
szescdziewiec,1658936222
szujon_zdobywca,1658936222
t-hobbes,1658936222
taataravi,1658936222
tablerorojo,1658936222
tabletennisman121,1658936222
taboot1978,1658936222
tacktickle,1658936222
taconacho1994,1658936222
takestock,1658936222
takis61,1658936222
tal_d_best,1658936222
tal_k,1658936222
talgat_astana,1658936222
tallpawn13,1658936222
talwrntom,1658936222
tamer35_5,1658936222
tamer619,1658936222
tamirsoliman,1658936222
tananicu,1658936222
taner,1658936222
tangar312,1658936222
tango6925,1658936222
tangocharlie27,1658936222
tanguoran,1658936222
taras22,1658936222
tarek-sayed,1658936222
tarekmst2002,1658936222
tartan_thistle,1658936222
tasargsian,1658936222
taskarkov,1658936222
tatacoa,1658936222
tawansonnie,1658936222
taxloss,1658936222
taywave3160,1658936222
tazmanick,1658936222
tbhlufc,1658936222
tboss111,1658936222
tdale95,1658936222
teachesmay,1658936222
tec391,1658936222
ted_logan,1658936222
teddyroo,1658936222
teekayewun,1658936222
teheux,1658936222
teleute,1658936222
temo-temo,1658936222
tempiese75,1658936222
tendo89,1658936222
termesz,1658936222
terminuso,1658936222
terryfromweymouth,1658936222
tesseract87,1658936222
tetus48,1658936222
tewald,1658936222
tex_knigit,1658936222
texasnurse77,1660333790
texwillernavajo,1658936222
texwilson,1658936222
tgunther,1658936222
th3m4ster,1658936222
thamover,1658936222
thanasis61979,1658936222
thatandthenthat,1658936222
thatkarlguy,1658936222
thatsagas,1658936222
thaunghtut,1658936222
the-auspex,1658936222
the-untrained,1658936222
the_blade,1658936222
the_indian_dude,1658936222
the_name_of_the_game,1658936222
the_nimzo-larsener,1658936222
the_power_in_me,1660518744
the_rookie46301,1658936222
theastrologist,1658936222
thebigbear,1658936222
thebtalls,1658936222
thecaptain,1658936222
thecartel,1658936222
thecheeese,1658936222
thechessticulater,1658936222
thecloser80,1658936222
thedogbobson,1658936222
thefmp,1658936222
thegamingmaster711,1658936222
thegoose4u,1658936222
thegreatnutkins,1658936222
theharry,1658936222
thehumblelegend,1658936222
theincrediblerook,1658936222
thelastcharrua,1658936222
thelegend_10,1658936222
thelordofwinterfell,1658936222
theluckywanderer,1658936222
themanwithno_name,1658936222
theo_paparrigo,1658936222
thepackster82,1658936222
thequietman1,1658936222
therandomhedgehog,1658936222
thesteelman,1658936222
theterrbear,1658936222
thetinkerman,1658936222
thevictorian,1658936222
thewee,1658936222
theycutthepower,1658936222
thezee69,1658936222
thinkbeyondthesquare,1658936222
thinkingcarefully,1658936222
thisnameistaken12,1658936222
thonock,1658936222
thorongil22,1658936222
threecsdad,1658936222
throbby4,1658936222
thugnastysloth,1658936222
thunderhorse2020,1658936222
thusith64,1658936222
ticklefist84,1658936222
tiepinl,1658936222
tigertron,1658936222
tigrangrigoryan77,1658936222
tiho71,1658936222
tilkowski,1658936222
tim_gonzo,1658936222
timetex,1658936222
timothyha,1658936222
timpaulchess,1658936222
timschoeniger,1658936222
timur111181,1658936222
tinmantwo,1658936222
tio_dean,1658936222
tiredoldman-original,1658936222
titi58,1658936222
titulintti,1658936222
tjandanleni,1658936222
tjanus71,1658936222
tkdryan,1658936222
tod-boy,1658936222
toldsted,1658936222
tolodoxadrez,1658936222
toloei,1658936222
tomahhawk,1658936222
tomas1313,1658936222
tomasarad,1658936222
tomciop,1658936222
tomdraug,1658936222
tomengelhardt,1658936222
tomfinney123,1658936222
tomgoodsol,1658936222
tomiz,1658936222
tommy123xxx,1658936222
tonybuiano,1658936222
tonyelson,1658936222
tonyj444,1658936222
tonykora,1658936222
toprobbo1970,1658936222
tormodoe,1658936222
toromudo1973,1658936222
torrefish,1658936222
torvagar,1658936222
totoro-leroy,1658936222
totriornottotri,1658936222
toughplaya,1658936222
tourajz,1658936222
tower111,1658936222
toxtli,1658936222
trans21hook,1658936222
treb3,1658936222
trecime,1660421114
treegrower2003,1658936222
trekker123,1658936222
tretorvic,1658936222
trevorlahey771,1658936222
trhkyt,1658936222
trigeek22209,1658936222
trix52,1658936222
trotsky77,1658936222
troyen,1658936222
truthmuse,1658936222
tryhardbutnoob_cz,1658936222
tsand1113,1658936222
tsankodimitirov,1658936222
tsengeltunsag,1658936222
tsin0125,1658936222
ttanimoto,1658936222
ttconnor153,1658936222
tuertu,1658936222
tufail_ali,1658936222
tulio90,1658936222
tully66,1658936222
tupapa,1658936222
tuptus82,1658936222
turbo_head,1658936222
turbopickleb24,1658936222
turboroy,1658936222
turons3,1658936222
turq06,1658936222
turronduro,1658936222
tweety_byrde,1658936222
twonky77,1658936222
tyrone1980,1658936222
tzimakos1173,1658936222
tzvetanov,1658936222
uberscoober,1658936222
ubumebme,1658936222
ughbah,1658936222
ukhousemafia,1658936222
ukrainiancanadian,1658936222
ulbras,1658936222
ulisesplasencia,1658936222
ultraratchet,1658936222
ulyssess1,1658936222
umedtjk,1658936222
umibozzu,1658936222
umkorotk,1658936222
unaman,1658936222
unclenathan,1658936222
undefeated_chessking,1658936222
underatedputz,1658936222
underobs,1660421114
underveis,1658936222
unforgivenundertaker,1658936222
unicronz,1658936222
unitom,1658936222
unstable8,1658936222
uptherievers,1658936222
uqtay,1658936222
uray24,1658936222
urbanrecluse,1658936222
usama-ahmd-nela,1658936222
usto2015,1658936222
uwe23,1658936222
uxb_steve,1658936222
v70,1658936222
vagrantsoulchess,1658936222
vaima01,1658936222
vakuum,1658936222
val1024,1658936222
val3002,1658936222
valdoza,1658936222
valeksk,1658936222
valeriobc,1658936222
valery1957a,1658936222
vamshi219,1658936222
van_bob,1658936222
vande_2004,1658936222
vaneasa,1658936222
vanteves28,1658936222
vaqif07,1658936222
vaquero1860,1658936222
vasilispolena,1658936222
vasu_polu,1658936222
vblock101,1658936222
vegan4love,1658936222
vegandelight,1658936222
verheugdro,1658936222
vernalfire,1658936222
vernalobos,1658936222
verns2,1658936222
verylate,1658936222
vespasian33,1658936222
vetuspetram,1660518744
vgtkach,1658936222
vhmc,1658936222
vibrantjar,1658936222
vicente9999,1658936222
vicoskis,1658936222
victormanolo,1658936222
victorstenshin,1658936222
videcv,1658936222
videssosakritai,1658936222
vidra133,1658936222
viffer800,1658936222
vikingchucky,1658936222
viktor_boev,1658936222
viktoradu,1658936222
viktorcovrig,1658936222
vilkas67,1658936222
vinbird,1658936222
vincell64,1658936222
vinothmpi,1658936222
vinyltears,1658936222
visbrano1907,1658936222
vishy1410,1658936222
vitalyklmnk,1658936222
vitor2908,1658936222
vittoriagiuseppe,1658936222
viva-villa,1658936222
vkastanas,1658936222
vlach,1658936222
vlad_tepes_iii,1658936222
vladakis70,1658936222
vladimir_borisov,1658936222
vladont,1658936222
vododo,1658936222
vonkater,1658936222
vortic1left,1658936222
votka7,1658936222
vova346,1658936222
vrchessvr,1658936222
vrystaatbul,1658936222
vstrelnik,1658936222
vuduchile,1658936222
vuki77,1658936222
vvlad22,1658936222
vvqes,1658936222
w-sid,1658936222
w1ggyj,1658936222
waelmr,1658936222
wagner_godoi,1658936222
waialex,1658936222
wajir,1658936222
waldoj,1658936222
walkingterrapin,1658936222
wallace_sheridan,1658936222
walsamh,1658936222
walterb62,1658936222
walterflipstick,1658936222
walton88a,1658936222
waltyboy,1658936222
wargosolar,1658936222
warnefrit,1658936222
warrior1968,1658936222
warwar,1658936222
waspet,1658936222
waterbend3r,1658936222
wbz403,1658936222
wearsider,1658936222
weeding45,1658936222
weekiatyeo,1658936222
weishen050,1660333790
wellingtonian,1658936222
wenlock,1658936222
werball,1658936222
wertdeswertes,1658936222
weslie10,1658936222
wessexgambit,1658936222
westonknight,1658936222
westy77,1658936222
wetlander,1658936222
whatdidthecowsay,1658936222
whiskyrick,1658936222
whitekn1ght,1658936222
whiteknight065,1658936222
whiteknightscantjump,1658936222
whitenerdy53,1658936222
whoknowsbob,1658936222
whynotplayagain,1658936222
wideeyes36,1658936222
wigoogle,1658936222
wikkua,1658936222
wildwolf13,1658936222
wileecoyote94,1658936222
wilfran2407,1658936222
will11131,1658936222
will14n5,1658936222
willem100,1658936222
william812,1658936222
william_t,1658936222
willistheknight,1658936222
willomate,1658936222
wilson035,1658936222
wiltort,1658936222
wimbressers,1658936222
windsnakes,1658936222
winfried1106,1658936222
wing_wing,1658936222
winnie_pooh,1658936222
winnikis,1658936222
winterowl,1658936222
wintu1,1658936222
wizbyron,1658936222
wjb123,1658936222
wjoseph48,1658936222
wm2018,1660333790
wojtek744,1658936222
wolf227,1658936222
wolfbird,1658936222
wolfgang_print,1658936222
wolfl1ght,1660518744
wolfman1122,1658936222
wolfshield,1658936222
wolschi,1658936222
wolverineheals,1658936222
wonderfull8,1658936222
woody_wood_pusher,1658936222
worklesschatmore,1658936222
wouterkabouter,1658936222
wowcoolr,1658936222
wrod1987,1658936222
wstanevans,1658936222
wstennischamp,1658936222
wthedog,1658936222
wuki,1658936222
wynjvr,1658936222
xanthippes,1658936222
xavilanz,1658936222
xb21,1658936222
xekinjok,1658936222
ximoon,1658936222
xj4g,1658936222
xmartyo,1658936222
xmorgoth,1658936222
xose1953,1658936222
xx360n0r0ok3xx,1658936222
xy2012,1658936222
xyz7,1658936222
xzzroot,1658936222
yablon10,1658936222
yaccoff,1658936222
yarael,1660518744
yarealguru,1658936222
yaroslavvvvvv,1658936222
yavvee,1658936222
yd7532,1658936222
yellowpegasus,1658936222
yjdappe,1658936222
yke017,1658936222
ylephantspark,1658936222
yman2k9,1658936222
yomism0,1658936222
yonabendelac,1658936222
yonitheavenger,1658936222
yorkshirepud,1658936222
you-win-sum,1658936222
youcefal,1658936222
youliyouli,1658936222
youmademerealise,1658936222
young123,1658936222
yourdantrifonov,1658936222
youtube19,1658936222
ys_kanwar,1658936222
yuexiafanzhou,1658936222
yupi997,1658936222
yuri_taraxzcenko,1658936222
yusak123,1658936222
zabavindo,1658936222
zabdielccs,1658936222
zachertz,1658936222
zaf22,1658936222
zait64,1658936222
zan159,1658936222
zanemortis,1658936222
zanosom,1658936222
zaplji,1658936222
zaragoza_inmortal,1658936222
zarbianite,1658936222
zari72,1658936222
zeidinnio,1660333790
zeligar,1658936222
zendak,1658936222
zentao8,1658936222
zeolithos,1658936222
zero_61,1658936222
zeroqb,1658936222
zerrogi,1658936222
zhanbyrbaev_1981,1658936222
zhucher,1658936222
zibi970,1660333790
ziggy_zugzwang,1658936222
zinsx,1658936222
zippie,1658936222
ziryab01,1660421114
zlikom,1658936222
zlyvkomiroslav,1658936222
zokilu,1658936222
zolko24,1658936222
zombi_2,1658936222
zombie9999,1658936222
zombybob,1658936222
zoran5,1658936222
zorantosic,1658936222
zsabre,1658936222
ztnook500,1658936222
zugzwischenzwang,1658936222
zvithelo,1658936222
zweckmaessigkeit,1658936222
zwilling67,1658936222
zwischenzugzwaenge,1658936222
zybex9,1658936222
zygatron,1658936222
zytglogge,1658936222
zzarkis,1658936222
