username,player_id,timestamp,is_closed,is_former
007blond,85068486,1673653634,0,0
0812leonliu,163496945,1656758775,0,0
1337nickb,12694412,1657145248,0,1
180dave,61963236,1672388019,0,0
1960iron,17715836,1423432951,0,0
1v8n,26633668,1463431009,0,0
2heads,16057924,1513200078,0,0
4overnor,60544839,1667358628,0,1
86_beans,190070319,1671779605,0,0
8marki8,136984306,1691771554,0,0
a-marinho,159353297,1653504880,1,0
a_joy,61578950,1664625798,0,1
aaronchristopher96,49139072,1601070054,0,0
aaronleckinger,3155672,1602866005,0,0
aayuchampion,11284314,1599808622,0,1
abduvali83,53141814,1680433820,0,1
abomb511,239454043,1682341977,0,0
acerb95,68263874,1655077445,0,0
adamlevy1982,74919662,1670543932,0,0
adg2525,203609585,1672043296,0,0
aeh690,4609581,1368162767,0,0
aendayana77,45757856,1651671781,0,1
afcwheels22,172934249,1650635094,0,1
ahphoey,30278968,1658063294,1,1
ajv9legend,151177485,1674657442,0,1
aknightslayer,4270721,1384857198,0,0
al2fresco,11026586,1366734456,0,0
albenn,7819606,1689025991,0,1
aldemir68,101029974,1652279863,0,0
aldooooo,7863896,1654809225,0,0
alfil_dadaista,29295688,1652554464,0,0
alialahmad13,205234893,1680443849,0,0
alikingproo,69410410,1680435518,0,1
allenon,19701942,1653837300,0,0
alphabiero,47368904,0,1,1
alsonnik,26184988,1609930665,0,1
amsterdam641,120326780,1673684389,0,0
anarchic,11539682,1483991060,0,1
anatoliy10912,39733750,1690303963,0,0
andares56,42145252,1690886474,0,0
andrevlok2019,66607940,1658247749,0,1
andrew6706,18743650,1420032783,0,0
andriy_yaremovych,16328990,1652637795,0,1
andyd19,137111,1536672922,0,0
andythetee,31405328,1516112522,0,0
angelped03,134505882,1662299580,0,0
angieren007,7482382,1374309937,0,1
angl1an,187148587,1655981647,0,1
anhtvt,148882405,1664683139,0,1
anita76,32981248,0,1,1
anthony008,30995004,1537551875,0,0
antreni,11141902,1381858289,1,1
apclay777,28608460,1665158177,0,1
april280,64669256,1605964449,0,0
aquajewel,64509804,0,1,1
ar7an,21482106,1654697696,0,0
arealeus,4560062,1516053281,0,0
areeddoc,77019938,1689029188,0,0
arixegal,31478358,1627838571,0,0
arman_1986,12149864,1609577590,0,0
arnesmekens,26570826,1657458514,0,0
artemchamp76,73244538,1606979809,1,1
asa1363,49383142,1691346960,0,0
asolo1,28996382,1664620716,0,1
aston_phil,10398438,1406280039,0,1
atis_d,4528377,1666719937,0,0
atj1968,7296,1427957151,0,0
atkanarkan,49678052,1660336310,0,0
aurorababy,262555721,1682072396,0,1
ayanokoji_sama,183326255,1673776717,0,1
ayetiqwin,46695208,1578872589,0,1
ayo_void,241301519,1676305104,1,0
azizbai,34186570,1650511204,0,0
badknightfu8,157130307,1650553036,0,1
baduk_player,103110642,1616353375,1,1
bail_the_bard,90955702,1670490016,0,0
baldy2k49,5508373,1550238207,0,0
ballbob1,5959998,1382297552,0,0
barca4life06,133719152,1648485445,1,1
barvidus,145201555,1672991382,0,1
bbaxley,15438274,1657486316,0,0
bcooollll,1520929,1573685725,0,0
beachstud,9412894,0,1,1
beanbennett,32331670,1540276853,0,0
beatthenoobs,97681210,1658170293,0,0
beejay908,280654623,1686127383,0,0
ben5bass,7021915,1640029866,0,1
benjamincharlie,138635606,1691770544,0,0
benrogers71,107920498,1678739974,0,0
beqa24,92522020,1653807444,0,1
bernardhgaskin,15856688,1427018867,0,0
beth164,38832316,1690994969,0,0
bettik29,160874339,1673523583,0,0
biagio160,66419092,1574398220,0,0
bigboey78,182482503,1653227845,0,0
biggene,2807586,1660764291,0,0
bightigh,23742730,1691344592,0,0
bill0007,6279581,1398447895,0,0
bishopbandit,6049397,1383045820,0,0
bjg1000,151896757,1689233191,0,0
blackcountryman,26929738,1472296883,0,0
blackers19,12686098,1671041675,0,0
blacklotusaw,130022554,1664919818,0,0
blagokos,18408846,0,1,1
blaze-87,17081728,1432313377,0,0
blewberg1066,416741,1492141529,0,0
bluebellann,99670306,1657834485,0,0
bluebird52,6367517,1409252256,0,0
bmk12,3244909,1522276342,0,0
boatiemax,5547434,1395216739,0,0
bojanptkc,91961090,1653830595,1,1
bolden_kekana,197593715,1670658335,0,0
boldgoose,52527097,1672220878,0,1
bolinii,14253984,1672602805,0,0
bombertank,5915557,1604664188,0,0
bonayf,283753439,1691659951,0,0
bonfireofthevanities,153176475,1656916483,0,0
boris_altman,10570680,1645300729,0,0
bostick,2035694,1490979178,0,0
bostongurka,2729041,1484046504,0,0
bot_boy,132635122,1646349684,0,1
boyleboy3,90214750,1661985813,0,0
br1bri,126261790,1673479203,0,0
br4v3hrt,13039294,1602142480,0,0
braamsa,37308188,1652470507,1,1
braindeadcz,56360928,1554377976,0,0
bravenam,21786802,1689147474,0,0
bredko,117432198,1667045415,0,0
bregz,27369042,1664950535,0,0
briansanjines17,23067922,1665988517,0,0
brock957,31649758,1664465140,0,0
brownbones,80866600,1674112226,0,0
brustring,23980810,0,1,1
bukinistoleg1968,55788882,0,1,1
buni1231,86239860,1666955297,0,0
burlachuk,39940736,1673428582,0,0
byika,31435074,1691328723,0,0
c0110sus,195275087,1666544649,0,1
c_tulius,149027259,1691027344,0,0
calcularlimitada,168145253,1663192051,0,1
calico253,4873307,1367821047,0,0
camilla_lee_honeytrap,203816257,1680479230,0,0
canari20,167860775,1652559686,0,1
caniwi,4989033,1398196242,0,0
capareloaded,67735570,1667057200,0,0
capeace,2595389,1630721043,0,0
cardiff,1698243,1374952397,0,0
cargiac28,59175174,1671831156,0,0
cariocabotafogo,31067740,1657710299,0,0
carlosfandango,2343656,1517699143,0,0
carmpagano,2379743,1605557840,0,0
caromariva,81124674,1627193308,0,0
carpe_noctum,39371060,1523687655,1,1
carryhandleman,56873988,0,1,1
catalinviscu,7904628,1389530607,0,1
cbrough,6545312,1459861245,0,0
ccccretan,119785166,1653638876,0,0
ceefa,1342986,1673300722,0,0
ceejaysstar,6620069,1382101904,0,0
cerebralator,23725264,1459702943,0,0
chakqs,30679912,1652550946,0,0
champion0001,44357924,1672736301,0,1
charlottehk,15670760,1400148470,0,0
chavezo,2311052,1652509633,1,1
chazzers60,6539676,1605688864,0,1
checkorov,94577852,1620677140,0,1
checquem8,8915778,1433897869,0,1
cheech-420,22445032,1490517085,0,0
cherhan,13796660,1620309888,0,0
chess132704,170455159,1669913816,0,1
chess_pariah,272385553,1681647359,0,0
chessboarddarren,44686080,1609602228,0,0
chesschad200,28177560,1657670496,0,0
chesscrazyeyes,202734213,1691257984,0,0
chessman1963,3156313,1522910255,0,0
chessmarine310,35189562,1663109067,0,0
chessmasterluke38,61865480,1692143730,0,0
chessron99,96799100,1658699466,0,0
chesstiger7,11765428,1653166023,0,0
chesstitan249,13205238,1689852221,0,0
chesswizard2010,33538247,1525388301,1,1
chestermike,18743392,1515256382,0,0
chimken2020,120844296,1670487348,0,0
chinguunb,103301358,1652483629,0,1
choc2s,190750161,1669400104,1,0
chrischess1,1851189,1451728884,0,0
chrisginger,21227704,1467662756,0,1
chriskill,20548132,1505503752,0,1
chrismcsheehy,92057760,1664635839,0,0
chuck2691,50718194,1628024629,0,0
cklose2000,3702867,1653748322,0,0
clawhammer72,2892533,1387434448,0,0
cleopatrachess2016,29667574,1690473662,0,0
cocito18,38893102,1586416354,0,0
coconut00,20332574,1595346474,0,0
colben,7745216,1467822048,0,0
coldmetal,10975864,1664986027,0,0
collapsum,7249341,1559801988,0,0
commonloser,64259676,1572363762,0,0
computergamer,11479692,1386005594,0,0
connor567,9687116,1507561784,0,0
cool-colin,4041357,1373462177,0,0
coolcheck108,164540659,1681657054,0,0
coolwatch60,146720175,1680133513,0,0
cornerpinplayer,8894526,1372696638,0,0
cosimawitch,12552112,1655833222,1,1
cputech,21499200,0,1,1
craigesk,28931774,1538046233,0,0
crazymeercat,141403469,1661413542,0,1
creatingchaos,37460402,1516112539,0,0
croftangry20,88470744,1646348113,1,1
crystaldragoneye,3729240,1565169205,0,0
cs_is_better,253238625,1678639136,0,1
cuths16,62419876,1565204177,0,0
cypherblack,115306244,1672387997,0,0
czechmedved,162675419,1656706762,1,1
d76williams,24281128,1457795005,0,0
da3dalos,10388370,0,1,1
daedae513,5392613,1691805533,0,0
dan-ostler,2838305,1519569585,0,0
dancazacumd,86798234,1667087535,0,0
darius321,46497844,1690717051,0,0
darn123,95708898,1669278639,0,1
darrencarden,74587032,1673794835,0,0
darrinm,23248498,1439487164,0,0
darthdiabetes42,125700390,1664575850,0,0
darwere,71367156,1668302630,0,1
dave_1976,16235872,1433316069,0,1
daverose0106,2176725,1374626420,0,0
davesigi,90724588,1680444944,0,0
daveyboy04,2333987,1414598090,0,1
david05,2118482,1376667853,0,0
david24420,22764730,1667034714,0,0
davidhhowell,43575052,1532624319,0,0
davidpeardon,14095690,1385976739,0,0
davidwatling,30939494,1542233680,0,0
davidwrunner2,50798752,1559168256,0,0
dawnchorus21,133424336,1618522756,0,1
dazsaunders,98137606,1618004118,0,0
dbalanza2,473821,1667608526,0,0
dchapman196,98843430,1651795912,1,1
dd000000,154924191,1674286414,0,0
de_gudvin,193589595,1672214290,0,0
deadhedd,165577505,1672274641,0,1
deanred16,30490542,1530277102,0,0
deeeo,17360216,1664677846,0,1
deemts,31171130,1662100346,0,0
deepicex,67699878,1651241380,0,0
defaultanomaly,17894380,1404424226,0,0
defgecd69,104379958,1633174462,0,1
dentoeter,13640760,1607354898,0,0
derbest1,120582306,0,1,1
desert_storm1974,38830996,1659300643,0,1
desertpawnsw,45930474,1653251637,0,0
detectie,94718792,1654202427,0,0
detroitlions1,20823496,1604786669,0,0
detroitrox,20122490,1604697433,0,0
devster27,28290148,1690218782,0,0
dfgh123,11003274,1380724017,0,0
dibumartinez23,75992282,1675151780,1,0
didlesknowmydad,2413955,1375306660,0,0
digitaylor,15180806,1404855437,0,1
dimosthenisg,24791124,1653503586,0,0
djdave28,8876344,1362663259,0,0
dmitrykorotkih1,88776232,1620732491,0,0
dnrw9,4870045,1558514412,1,1
do_the_dab,67252266,1692166660,0,0
docexadrez,148603001,1648315061,1,0
dodobirdthe3rd,159998007,1672725164,0,0
domidomi0505,71809700,1669288489,0,0
donevpetar,135051440,1680433358,1,0
donkeyotea,150289879,1681060913,0,0
donnywithad,92716044,1651903225,1,1
doug7653,23443812,1441121653,1,1
dr_john_57,19840180,1467917674,0,1
draakamel,70763474,1683367245,0,0
dragon_7984,20878148,1680533468,0,0
dragonet35,86712314,1619536278,0,1
dragonstorm1276,173822479,1685898712,0,0
drbevill,64563236,1652625811,0,0
droolingdragon,115210506,1652834770,0,1
drright,2426335,0,1,1
drzaiuss,48059340,1652635944,1,1
dsm_uk,52420390,1654807339,0,0
dtresham,3683856,1656916371,0,0
duckster123,3654114,1418988925,0,0
dukchianze,124016816,1667024903,0,0
dusayarov,154140169,1672481195,0,0
dusha83,4764438,1666933879,0,0
dustyhunter79,102961042,1673693487,0,0
duviel84,49019126,0,1,1
dwtrue207,113390780,1655619539,0,0
earlpsyches,78142694,0,1,1
echipajr,191042693,1673815614,0,0
edilberto1960,152539413,1637372235,0,1
edseds,1957159,1439287193,0,0
eduardomm83,86176248,1654891606,0,0
edwinaugustus,1720492,1367566793,0,0
edwinkm,4158195,1673940254,0,0
egyptian-pharaoh76,38115526,1665977265,0,0
elefante38daughter,196539203,1680905231,0,0
element_0,52548820,1662099883,0,0
elhalverson,30809344,1547742887,0,0
elm49,6252033,1559709038,0,0
emsworth-sussex,23166472,1497203717,0,0
endlesstrax,3132366,1404056500,0,0
endprop,2073592,1691955799,0,0
endrue,96624442,1673784199,0,0
enhard,92294804,1690289220,0,1
enorthe,62358672,1691909456,0,0
equaliser769,2616694,0,1,1
erebosnyx,120821230,0,1,1
erfan19,12985180,1663403441,0,0
escakalnegre,21978678,1663014405,0,0
esoraltrebor,3995380,1686159402,0,0
etsi44,95362288,1656267310,0,0
ettoremajorana,9277758,1375456167,0,1
evercombe,27336240,1519573951,0,0
evilschemingbishop,2528803,1483878470,0,1
evtimpeytchev,4226387,1391419992,0,0
fabius_bile,4557911,1542643791,0,0
faeryhorse,3806589,1383658664,0,0
fanty5,16067288,1689883957,0,0
farenheit451451,2881273,1691002297,0,0
farhanhassan07,45026776,1674616959,0,1
fazer180,28979332,0,1,1
feelingsometypeofway,9838644,1661864701,0,0
ffilip2010,4152618,1547292410,0,0
fgalmeid,43915254,1606651200,0,0
fhwee,2333386,1545567301,0,0
fieldsgood,5012123,1509798101,0,1
filarska,43312072,1673000500,0,0
finaldriver4,110055152,1689581900,0,0
finarfin,3784165,1468286476,0,0
firefistdace,157173051,1653500791,0,1
flashgeordan,14354438,1405327161,0,0
flavouride,56602166,1581538809,0,0
fletch1664,554961,1388248449,0,0
floryano25,90277558,1653633860,0,1
flyingfeats,3913651,1656889459,0,0
forestgate,7367091,1669360593,0,0
forzafiume87,40862542,1653146516,0,0
fostej,29157404,1500203275,0,0
foxyd,10841920,1533650642,0,0
francinildo1990,176392509,1660360519,1,0
francisgu,109346452,0,1,1
frankfok,3584028,1673028976,0,0
fraserjcamero,12035140,1388532183,0,0
fsasamkhodjaev,172637685,1671779677,0,0
g-fischer,29755592,1663535277,0,0
g-g-4,51415374,1662827601,0,0
gaborhorvath,42592306,1685105551,0,1
gandad,2107891,1405768722,0,0
gardenman62,24188458,1531862387,0,0
garyaaa,5086764,1680116920,0,1
gaston-david,87842762,1652833351,1,0
gbrown057,280951,1361528076,0,0
gcresp,33551055,1673205536,0,0
gecse,30970620,0,1,1
gendamon,94669916,0,1,1
gennady_boychenko,60654637,1690284131,0,0
gent00,63080962,1620713655,0,0
gerardconnolly,21195864,1490481067,0,0
gholamrezamohammadi,42411256,1651903117,0,1
ghostwiz,152780477,1636134840,1,1
giaarvel,15777532,1577197954,0,0
giancz91,10067496,1592240385,0,1
gibson2,29683674,1626585453,1,1
ginesillopasamonte,17461118,1456487179,0,0
ginjaninja79,26083566,1457593418,0,1
giraffebha,43406786,1532612080,0,0
gl1812,146350215,1671779696,0,0
glitterbomb,27341802,1511731913,0,0
gm_hikoru,182221745,1652078148,1,1
goldenhands7,105986710,1655811199,1,1
goodsoftheat,183279237,1663032617,0,1
gordonand,30443634,1510401143,0,1
gordonyoung,2173992,1373584829,0,1
gormenghast1,37973604,1527624177,0,0
goronwy50,2462492,0,1,1
gotterdamnrung,14952410,1556211187,0,0
graeme1982,64031138,1650922993,1,1
grantxiets,78577016,1605275991,0,1
gray_cat,34308084,1653396365,0,0
great_champ,48586636,1653799777,0,1
greatrexr,1768706,1555345695,0,0
greenpawn16,83581018,0,1,1
greydane769,33473161,1689583839,0,0
groundhog-day,33397757,0,1,1
guatusielx,217266249,1691797601,0,0
gubran1983,179137677,1658275106,0,0
guchlu,9316266,1601911710,0,0
guidetogrowth,200694107,1672179152,1,0
gunmonkey89,9492114,1472300666,0,0
gushaz1,192095776,1674229855,0,1
gwyn,207391,1390924144,0,0
h_attack_defense,18244120,1638609172,0,0
hajiyev017,43106792,1653854557,0,1
hakunatime,60768576,1673991350,0,0
harmelle,30293746,1660458650,0,0
harvey-nguyen,66152818,1670499494,0,1
harveysrockbar,60979058,1673377403,0,0
havanminhtien,63929716,1650859511,0,1
havastar,1697752,1605597920,0,0
hectormcgregor,80363740,1685091298,0,0
hendosun,53277250,1590275351,0,0
henryedwardbird,4111335,1419087693,0,0
heredog,1845197,1662013537,0,0
hezza34,165675695,1664432348,0,1
hihan,16954906,1547802688,0,0
holah,41477094,1626033213,0,0
hollywoodgwd,24271044,1481142746,0,0
holmfirthtiger,212536493,1680127579,0,0
holwickhobby,70388826,1614082903,0,0
honkonbobo,69588902,1576826385,0,0
hop-along,10898650,1688937857,0,0
hornpipe,6594928,0,1,1
horsechessnut,1611574,1540493767,0,0
houssammh,9923772,1650537842,0,1
howmudafuds,26390468,1527339916,0,0
hsacher,270042513,1687000946,0,1
hugobribeiro,102868670,1626557281,0,0
hurdy-gurdy1,153198341,1692103642,0,0
iavashsa79,1598191,1662992179,0,1
ibbyk06,92864604,1675076006,0,0
ibnzajeb,115386652,1664940301,1,0
icarus58,204201875,1689546676,0,0
ilanmarcuschamer,23642518,1471206750,0,0
ilavarsanilavarasan,30967364,1648029449,1,1
iliemarginean,40228784,1644360239,1,1
iliketoeatdonut,83546652,1691352253,0,0
ill_be_black,51996130,1651063255,0,0
ingmec99,72053240,1661965128,0,1
inkhee,46673260,1536218193,0,0
inlovewithjesus,11061602,1603180502,0,0
intrepidberk,1359872,1391187964,0,0
iraq_lion,12569756,1655303496,0,1
irbis03,199414703,1691661080,0,0
is-builder,126620612,1690293087,0,0
issambensmaili,69248674,1657225044,0,1
ivanhoeiii,62090768,1640101196,0,0
izovat,154170421,1657522872,0,0
iztacoyolt,128807948,1645301179,0,0
j0zerive,78770934,1664851201,0,0
j4cktorr4nce,20463994,1455457595,0,0
j_p_chess,3630123,1606708089,0,0
jaberwok,13916454,1604394887,0,0
jackandn,5424228,1399109498,0,0
jackc96,13661848,1673197171,0,1
jackk91,39539738,1651724075,0,0
jaferomo,77976354,1691681171,0,0
jaimefw,38411222,1681324839,0,0
jake_foster,188393415,1683292347,0,1
jameshardly,165742251,1666497576,0,0
jamol3852,79190218,0,1,1
janmajk,160280777,1681045849,0,1
jarel1,36117422,1608528338,0,0
jase684,9187658,1366654206,0,0
jasknes77,101505296,1658902891,0,1
jaswant_s,155875279,1654847485,1,1
jay-tbadhours,143505129,1662923216,0,1
jayakrishna06,287317463,1691064954,0,0
jbooth,6379022,1403885737,0,0
jbx6,17237000,1463083823,0,0
jdouglas78,13849442,1447417792,0,0
jefrodownunder,78908874,1691030142,0,0
jem-acs,282440787,1690881136,0,0
jenjake,182539001,1665148585,0,1
jgolf1234,139292674,1662296449,0,0
jhonsosa,44790644,1660519417,0,1
jimboki,1808735,1651219219,0,0
jimcooley3rd,25165804,1650540789,0,0
jimhig,35717692,1499424442,0,0
jiriki_longfellow,55415732,1650625645,0,0
jjmar,7325929,1678217909,0,0
jm0850,74584980,1664552086,0,0
jm3333,5777984,1618773897,0,0
jmedina18,151578683,1673664818,0,0
joaopaulomtmirandapeluchi,176224257,1653516939,0,1
jodares,111639056,1652636556,0,0
joeparnell,34210064,0,1,1
john_warren,1774577,1675103694,0,1
johnclapson,37342226,0,1,1
jom84,62330959,1661864901,0,0
jon031,4541952,1678434725,0,1
jon_howells,120837308,1633946235,0,1
jonasla97,11785610,1654209599,0,1
jonathansmuggler,40755796,1651919130,0,0
jonboi197501,87394936,1650799113,1,1
jonku_podzem,139975481,1664865333,0,1
jonoda,99733834,1659006235,0,0
jontyroach,142903621,1657144213,0,0
joshrizzle,14200146,0,1,1
joss_bartleet,4650023,1675513551,0,0
jotecamo,74180764,1604453788,1,1
jpzheng,6031766,1653644736,0,0
jsamgd,2177411,1626537410,0,0
judehardy1,38122236,1680438318,0,1
julianvillacis,37773182,1550757704,0,0
justanormalchess1,139003520,1635865635,1,1
kadam_sunil,32653624,1691035812,0,0
kami60,93506485,1666801610,0,0
kamleein,14174742,1572194767,0,0
kareemblack,10034440,1655933896,0,0
kathang_diwa,25379220,1617691803,0,0
kazutovn08,181913143,1653396392,0,1
kbrianton,5767651,1671752711,0,0
kbrownmx,27238588,1655619557,0,0
kennyv,1808617,1364040520,0,1
kerniggut,28892280,1650798501,0,1
kevinilsley,6885937,1407081731,0,0
kevmokasparov,92795654,1603029132,0,0
kheopsz,19487152,1554555034,0,0
khupiscus,153629367,1634885536,0,1
kidcharlamegne,5955825,1569870613,0,0
killerinstinct33,143530311,1657471653,1,1
killerkween,48202140,1602622995,0,0
kingdomechess,126853100,1690284800,0,0
kinggkongg,4968937,1609486553,0,0
kingslayer46,18328108,1451208242,0,0
kirbyhasarevenge,121842392,1658243730,0,1
kiwikopite,8000184,1532633917,0,0
kliprsa,125631226,1653634722,0,1
kmdnrockstarfamily,144979793,1691693737,0,0
kmireland,9239136,1522595461,0,0
konroh,1351941,1664915458,0,0
kotov2000,13978996,1625925593,0,0
krchessgames,233866291,1675365155,0,1
ksp4123,68049488,1576084952,0,0
kuharigor1959,48201400,1657226763,0,1
kuk143,30367086,1650521088,0,0
kwa1,29871670,1605106623,0,1
lakesidefence,34553428,1543925025,0,1
lamont2000,16844866,0,1,1
lanceval,86702020,1651324882,1,1
lapequenana,126069664,1673875377,0,0
lardonio,15593106,1656024973,0,0
latecafe,53023252,0,1,1
layla138,86805774,1661697738,0,0
lazarus599,126489620,1615916033,1,1
lazarus80,61614006,1575816757,0,1
lbjon,28636431,1550850680,0,0
ldnovice,36052648,1499537971,0,0
lears50,4858095,1421837638,0,1
leercb,33279755,0,1,1
leestrapp,12871260,0,1,1
leflaneurbreton,97222946,1653934573,0,1
lefleurdeny,119321502,0,1,1
leftknight4,5042724,1681485264,0,0
legochessmastery,86777258,1614944026,0,1
leko7,89086080,1658242768,0,1
lenavb8,153956173,1662099870,0,1
leonidassparte,147956447,1673853161,0,0
leoschmoll,49299088,1606096669,0,0
limeyjoe,12459058,1401735810,0,0
lincoln_imp,111708366,1637502905,0,0
ling1234,3663571,1483410405,0,1
lisan99,37027244,1537135067,0,0
littlemanpaul,149802675,1655131146,0,1
littlemarshmallow,41235904,1535144513,0,0
littlepuffling,111423538,1647882169,0,1
lizles21,6914781,1401499100,0,1
ll2308,4256582,1463731089,0,0
london717,4321741,1365316784,0,1
lord_edmund,166902511,1650998824,1,1
lord_leon,51454028,1657563097,0,0
lornejustise,40947694,1526908536,0,0
lostapiece,18384,1385154885,0,0
lostkiwi5,17414012,1665641837,0,0
lostredoubt,23209486,1437848609,1,0
loveless47,158185875,1675339472,0,0
lucidlyall,23280766,1595177752,0,1
ludwigtheking,155124127,1691175419,0,0
lufcab,2255969,1661215013,0,0
luke_one,25103562,1543317383,0,0
lulu8117,58710040,1565799130,0,0
maanas261558,165674085,1658129505,0,0
mackoym,23887890,1548382784,0,0
madanselili,129975070,0,1,1
madmonch,56234660,1658065289,0,0
magnat_tv,175803011,1672207554,0,0
malcolm1957,4901793,1420396736,0,0
malcolmfancy,6456624,1375779298,0,0
mannythehorse,5047493,1664950539,0,0
mansourmesdaghi,127091746,1658672717,0,0
manuchehr,4273619,1547033233,0,0
manuel269,86032044,1663367029,0,1
maratgb,41893700,1652101382,0,0
marianneolsen,57007030,1654059094,0,0
mariusm1983,127525640,1655184839,0,0
mark_elston,2262159,1379175732,0,0
markaahdy,102459094,1683227780,0,0
markbol,42046672,1653702680,0,1
markgaryjones,2288008,1380563298,0,1
markovitez,75015108,1604242294,0,0
markus1409,77432380,1690912007,0,0
marrover9,10321504,1449024368,0,0
marsmonolith,204024059,1689029190,0,0
martelis1,138040544,1673542371,0,0
martinkojo,104293614,0,1,1
martinsketchley,360531,0,1,1
mary6165,210381209,1672818622,0,1
master_sun_tzu,78276396,1691793985,0,0
matein8,2244399,1375123007,1,1
matimb,58978280,1692294622,0,0
matt_the_shield,6250719,1490911292,0,0
matthew1246,5769797,1572505962,0,0
matthiask24,27068794,1610656137,0,0
maxchristopher,37415764,1681809270,0,0
maximos-joy,209428539,1689542888,0,0
maxthechessdog,108387362,1672387976,0,0
maytin2,21820746,1433894273,0,0
mazdadon,10808036,1553961062,0,1
mbry66,179758897,1672509926,0,1
mc2310,15325966,1460202728,0,1
mcburndown,202006643,1692116457,0,0
mdoug,5898079,1372685501,1,1
medeja1972,24400876,1504773326,0,0
megadeal46,24019358,1473771653,0,0
mehdiafshari,30033958,1673554879,0,0
melanchton257,31910584,1670697203,0,0
meninkain,16156762,1656824144,0,0
mentaldepravity,43630176,1667478472,0,1
mentalhurricane,109084240,1653647978,1,1
mercedonyus,107416724,1651096522,0,1
mfh1974,95888002,1674651120,0,1
mgplott7,7355007,0,1,1
micah-r,137413078,1653934603,0,0
michael85w,25609568,1610735884,0,0
michaelmicarlitu,38107282,1680435697,0,0
mickeyren1,5799079,1674730382,0,1
mickfrings,17792868,1673476420,0,0
mickyblue13,6470746,0,1,1
miday,69563038,1667023259,0,0
midnight61923,143060485,1679407878,0,0
midnightmania,43047376,1673918674,0,1
milakel,261165579,1692025423,0,0
minadobs,30428354,1658741771,0,0
minerva53,13736176,1383333794,0,0
miniman2804,6636319,1494321030,1,0
mirvi008,24486442,1613559621,0,0
mitzikate,15891094,1400144469,0,0
mkamal100,29058174,1667769889,0,1
mladenkrsic,39424640,1626207978,0,0
mocepenso,6442529,1665900308,0,0
mogwai-1,18626922,1445883552,1,0
mohamed4365,56130522,1652384012,0,1
mohamed_aziz_fadhel,190064057,1666514040,0,0
momobenni,118911666,1654697797,0,0
monarch757,46689934,1552054937,0,1
montanadog,32563224,1490965119,0,0
montyspringer,9255666,1681583794,0,0
moscatirar,69060276,1604250134,0,0
move_master11,85179424,1663619871,0,1
mr_o_brien,61773558,1674075452,0,1
mralexanderj,39736632,1653639630,0,0
mrbevill,30480548,1552743187,0,0
mrbishop34,6590433,1675708119,0,0
mrmilvertoon,172278445,1659792493,1,0
mrmutman,142533415,1691415270,0,0
msa1994,5652158,1653670898,0,0
msrbpawn,57788084,1689328218,0,0
mt1969,26072454,1471773891,0,0
mushiba44,193417737,1691355876,0,0
musicplayer99,92451886,1602881272,1,1
mwt0003,33806912,1616703378,0,1
myallr,24892742,0,1,1
myauno,108309942,1656082963,1,0
mybishop1,86390648,0,1,1
mysteru1,136280374,1636012775,0,0
na120831,188942693,1664913776,0,1
naimjabed,156604241,0,1,1
naitikkadam,128271082,1653400284,0,0
nannorijnders,16115298,0,1,1
nannuetipitier,1113071,1672649076,0,1
napoleon123456,5329728,1691139931,0,0
nashwannmahfoud,156058371,1651602808,0,0
nastynick10,47507948,1563268641,0,0
neelsskaak1,18821234,0,1,1
nefasto973,91692270,1674734016,0,1
nenolo,96113222,1691879985,0,0
neumi7,57161717,1664948080,0,0
neutronbob14,17340504,1553351835,0,0
nevvverx,110030328,1667364399,1,0
nic853,15404636,1451836186,0,0
nichabodnik,10254440,1603564751,0,0
nichols_ted,32412672,1658125824,0,0
nicky66,8637990,1508261134,0,0
nikita0542,198542053,1690285656,0,0
nikolay1970,30652358,1655823408,0,0
nima_snsh,7757800,1673024925,0,0
ninifu,4130193,1653390462,1,1
nks1402,86253220,1652174211,0,0
noblesamwise,157697255,1634591699,0,1
nonblinker,92470230,1653390178,0,0
norton1970,31781776,1522082138,0,0
nostiken,19742088,1661634784,0,1
notfrankturner49,132545072,1651795486,0,0
notthemindtrick,145226701,1662295536,0,0
nsy2ndteam,6930293,1606708088,0,1
nuzniy24,57713430,1658250034,1,1
nvillate,21196108,1464194597,0,0
nwalters72,16856296,1402832174,0,0
nynooch,20068630,1692166614,0,0
nyonies,12974394,1650654578,0,0
officialshawa,57557662,1676376378,0,0
ola-v,13739172,1609183403,0,0
olaf_j,126448468,1661862198,0,0
oldwoof,5551032,1361709779,0,0
oliverjacobo,155051197,1672714826,0,0
oliverlippold,37450276,1502029383,0,0
olivermart,26554406,1673914859,0,0
omkumis,85613872,1657342538,0,0
orank1234,155904515,1655070047,1,1
oscarcastle,16416740,1654814389,1,0
oscarpetherick,20555636,1654510148,1,1
owlman80,26026324,1657119073,0,1
oystermuffin,77676234,1690202560,0,0
pabloquiroz,30083472,1664828737,0,0
pal05,72890314,1675667889,0,0
palidan5,15254210,1651993817,0,0
palmeros48,37458160,1601631215,1,1
papabare87,2305041,1622441972,0,0
papafrancescoxv,158236575,1652762479,0,0
pathfinder64,34518192,1653150573,1,1
pathyjr,73019326,1651483979,0,0
patztheboss,88772284,1681245526,0,0
paulh1958,22158406,1651161461,0,0
pawn_stack,9990740,1667494115,0,1
pawnpush78,192712813,1661109209,0,1
pc4eo,64057338,1663790471,0,1
penelope122,294811883,1691704038,0,0
pepe-le-pew3,65283350,1658349120,0,0
pertemarian,86734086,1692106625,0,0
peternickals,64425402,1584625781,0,0
petipion,70546600,1647933400,0,0
petitchat,4666815,1665555170,0,0
petitesirah217,108534282,1627800018,0,1
petrie990,4757248,1664575849,0,1
petrod123454321,44509926,1667002633,1,0
petrolifero,70446744,1654052207,0,0
pga256,8635846,1374337415,0,0
phantom73,176126475,0,1,1
phildor,1462461,1547132881,0,1
phizzer,1342855,1387288797,0,0
phoenixrise89,3661536,1653592085,0,0
piarganchan,7866560,1660554227,0,0
pietrocotroneo8,98348140,1633216122,0,1
ping59,9838798,1621459848,0,1
pinkrabbit,5165081,1669739088,0,1
pituxa1963,107863240,1670673099,0,0
pkt1975,24216198,1457987733,0,0
pmorri38,2650759,1454396766,0,0
pod5ta,16408964,0,1,1
poetofchess,13899514,1681290275,0,0
poisondartfrogplayz,155543165,1678208806,0,0
pollakandras,16567202,1559127742,0,0
potluck8,38965590,1691924994,0,0
powerboat,36795982,1514654247,0,0
prakash167,35774942,1527174332,1,1
praxis1,27354378,1604312100,0,0
premraaj90,11149068,1673286367,0,0
prettyx,79039472,1658252688,1,0
professortwitch,1579482,1584351999,0,0
progamer2340,256187827,1686305434,0,0
project_sb_2501,3079544,1383056659,0,0
prom1theus,94793724,1617628561,0,0
provice,2500705,1603469447,0,0
psych4052000,72548474,1603225511,0,0
puppy1134,49740490,1672184715,0,0
putman57,95435140,1660515426,0,0
q2pops,2019222,1505947985,0,0
rakenightfur,162232665,1652747435,0,1
rakieta1980,7736026,1633177937,0,0
ramichess,2456153,1664949870,0,0
rampantlou,13365526,1389896632,0,0
ranive,81863910,0,1,1
rash54,5732372,1421106510,0,1
rasputin1973,71084862,1662223983,0,1
ravi54,22884424,1655809949,0,0
rchrd1960,190759131,1670628417,0,1
realbacano,116067840,1659131996,0,0
redsox1970,7481468,1652984990,0,0
reledger,171099217,1653327242,1,1
relish_138,2375653,0,1,1
rev723,13732478,1645244516,0,1
revskip,12357604,1372794830,0,0
reyrambler1960,5348408,1392042681,0,0
rha3gar,12001426,1658009726,0,0
rhoscliff,16738776,1420972540,0,0
richardzhangxy,5678948,1691663181,0,0
richmarsh,53205354,1661681930,0,0
richsalop,186765443,1690911203,0,0
rickwest69,64193066,1619566851,0,1
ristoalexander,128670378,1659904533,0,0
rlparkeruk,20311700,1651233756,0,0
rml42,1375713,1662249081,0,0
rnestito24,101840300,1657219787,0,1
robbie700,241393415,1676188981,1,0
robertkeitz111,9749534,1656507412,0,1
rockbadger,10837,1413049311,0,0
rockfel22,37402420,1528025708,0,0
rodriguezga,174908307,1691857033,0,0
rofer19,69670750,1672098352,0,0
rohithafernando,120089468,1625959763,1,1
rollerball1,2090849,1420993276,0,0
royjeffrey,5835647,1653572662,0,0
rpernas,129726974,1690998880,0,0
rstables,23107234,1444481881,0,0
rubinho_1993,161374989,1666629889,0,1
rubixbass,38721982,0,1,1
ruixadrez27,191906291,1670629939,1,0
rusland1967,65488548,1605111265,0,1
ruznamamuna,48142934,1662131025,0,1
ryancheng1162,124068686,1658440897,0,0
s0lm0,40663738,1653839169,1,0
sacbutt,12869576,1482612195,0,0
sagar459,37739992,1684517571,0,0
sai2791,36737838,0,1,1
salamamdrer6669,165752777,1664865842,0,1
salvini,8774812,0,1,1
samafousi,1818411,1608004268,0,0
samildanach,1972891,0,1,1
samsam06,15722032,1537117998,0,0
samybayatly,36041204,1648409265,0,0
sandman,197423871,1690893263,0,1
santssants,196082577,1673781093,0,0
sartresghost,8193042,1654539188,1,1
sasa333,8940426,1656020661,1,1
satyanugrahaputra,14412116,1586836373,0,0
saule68,87064680,1691659956,0,0
saywhen,8664292,1652568291,0,0
sc2chess,6471152,0,1,1
scarletsnail,97408806,1656075044,0,1
schesm,186469731,1672160027,0,1
schrob,17701796,1678207847,0,0
scottr0313,51409970,1691777356,0,0
scouserone,86876962,1684344177,0,0
screengazer,111454922,1611076090,1,1
sebashuaman2023,219112753,1692272950,0,0
sectumsemprax,27949018,1655730720,0,0
senuja_illangakoon,91249376,1663250399,0,0
ser113g,192350969,1673756611,0,0
setora88,100093718,1673834990,0,0
settlepetal,121966884,1655662291,0,0
seventeenscents,180098575,1652422690,0,0
sgd71,184644351,1680443366,0,1
shack_b,9580190,1547898027,0,0
shagmonkish,107739814,1666938904,0,1
shanab12,170911611,1658471401,0,0
shaolinkillerdeporco,73629008,1654561536,0,1
sharpie1981,5236028,1502971692,0,0
shax-mat,5038157,1366553286,0,0
shdk1980,29600980,1662291540,0,0
shnymola,51488338,1604756648,0,0
siddezra,48498634,1674816960,0,0
silveriombenzon,3449818,1667343360,1,0
silverxantia,7625448,1362675488,0,0
simi_1111,159403623,1651835770,1,1
sirwasimmuridke99,170822031,1652890610,1,1
six_coins,146755053,1662260002,0,0
skibass,60385998,1652729796,1,1
skiggy61,25842416,1582926275,0,0
skillz_hunter,195025395,1665318771,1,0
skua2020,32487058,1516470013,0,0
slav58,80752786,1620669431,0,1
slbenfica456,179903277,1678039057,0,0
smaribus,112531826,1652005773,0,1
smcc89,250958175,1685563487,0,0
smilingatthevoid,23038982,1654952446,1,1
snakessssssssss,124827863,1670640099,0,0
sneakyqueen,2592997,1602255583,0,0
snowycat,6567347,1429197246,1,0
soeren164,118203064,1652106763,0,0
sofko,16757970,1672177252,0,1
softjet,6500805,1583602107,0,0
solafuthi,5004904,1602311648,0,0
soldier-of-jesus,42799032,1573412397,0,0
soligo66,109002174,1658441531,0,0
some_guy1one3,107954310,1654352207,0,1
somebodydidthis,70365172,1597270513,0,0
soulbrother11,10029956,0,1,1
sparisote,23661592,1472291599,0,0
spbvj7,187808503,1656232101,0,1
speedbird,1334371,1380628268,0,0
spiff21,152117031,1663265177,0,1
spikesdad,9444624,1376064247,0,0
spowmaster,4009484,1421276093,0,0
spyrosma,179864673,1673681852,0,0
squashcoach,2170511,1376670146,0,0
stanjakill,4154737,0,1,1
steadfast61,5155608,1406052725,0,0
stepan123123,34172624,1653064950,0,0
stephano75,78496528,1655145699,0,0
stephennelson-smith,3037129,1651564266,0,1
steve-rove,14655852,1389123157,0,0
steve2906,72556420,1599652140,0,0
steve_robinson,3283766,1389598308,0,0
steven_thijs,30741778,1675377756,0,0
sthbristolshifty,16113302,1420993943,0,0
stratanen,94703292,1665249160,0,0
strim1,62958208,1654706924,1,1
strindle,21184914,0,1,1
stugiv,45388644,1614697889,1,1
sumy58,168555847,1650515293,0,1
sunidhi_018,162079531,1660378759,0,1
superman0069,5973632,1390894015,0,0
susanadualte,185802917,1655146396,1,1
svetozarsimov,42668602,1661416178,0,0
symphonicia,17158894,1401381628,0,0
tamirsoliman,7800084,1652206428,0,1
taner,1350929,1657362218,0,1
tapietrick,117132056,1661347878,0,0
tar-aragorn_xiv,141882013,1652551713,1,1
tarek-sayed,28480750,1653837472,0,1
tarekmst2002,141724579,1654083806,0,0
tarwana,174886949,1665465438,0,1
tatuna_king,11731784,1691664605,0,0
taxloss,12334346,1601297030,0,1
tazbrushstrokes,21481698,1458921189,0,0
tbc76,1976005,1383165050,0,0
td_d,183371193,1666499402,0,0
tech603,28029438,1549652178,0,0
technoh,56504926,0,1,1
telemachus7,11418558,1595072659,0,0
temptedninja,49016186,1674040104,0,0
tendo89,138850956,1654545167,0,1
terentiusvarro,21534192,1451118394,0,0
terry222,2434088,1405790042,0,0
teutly,72781722,1674399891,0,0
the-crooked-rook,78974142,1662099857,0,1
the-wire,228016807,1683374829,1,0
the_vicar_1,51895570,1551113129,1,0
theboo,1721213,1547327906,0,0
thecharityman,3977306,1466520961,0,0
thecloser80,164750535,1658057073,0,0
thecobwebby796,56622900,1672303751,0,0
thedogbobson,122115242,1658237093,0,0
thedrunkenmaster,6926795,1421335291,0,0
thefmp,59485712,1651353284,0,0
thegedi,66892668,1572732650,0,1
thelastqueen,31335574,1689083396,0,0
thelegend_10,154886047,1654823257,0,0
thepawnchef,8199942,1685035400,0,0
therealcheese27,127338246,1673916007,0,0
thereaperman,1964807,1422537887,0,0
thesaboteur,4340042,1670596790,0,1
thesockrobber,295243879,1691351331,0,0
thespockgambit,102929028,1662218709,0,1
theyear9876,2373225,1387890038,0,0
thinkingcarefully,94771170,1626768205,0,0
thinline,2555589,1414911849,0,0
thisnameistaken12,67208640,1603576912,0,0
thomasparr,42948908,1633849417,0,0
thomsjrj,5565384,1558426603,0,0
threesons,15303518,1551991512,0,0
tilbs11,67734002,1606839758,1,1
tilbs_12,188913105,1673629106,0,0
tim15814,251066741,1684779331,0,0
tmeece63,7393953,1390745650,0,0
tomadlard,26290942,1457601899,0,0
tomahhawk,68098094,1634736880,0,0
tomengelhardt,44048694,1653114468,0,1
tomh67,240713601,1678649651,0,0
tommiesantala,203722615,1691667426,0,0
tommy_zephyr,5144798,1363623121,0,0
tompko,9287428,1517844131,0,0
tony5816,22705674,1543492921,0,0
tony_ferraro,146222013,1662210528,0,1
topcat1974,32111916,1504637553,0,0
tpgmartin1,55251980,1554695971,0,1
trevoraw,99072884,1689193604,0,0
trigger2,13468256,1416145727,0,0
trix52,11643272,1656277181,0,0
trixter89129,8875034,1672697877,0,0
trumjeter,23922478,1480898730,0,0
trurojoe,1982195,1519111706,0,0
tt1499,28077630,1598217028,0,0
tunde_ajao,9875356,1453378076,0,0
tundradon,42063924,1532011939,0,0
tyredchef,19201722,0,1,1
ubergolfer,2346477,1539696348,0,0
ulisesplasencia,164565293,1647027595,1,1
ultimateshadowdragon,62265932,1563974178,0,0
universal_wave_fn,162571657,1661170020,0,1
upcomminggm,146426195,1658091589,0,0
ventingpoem2,149699457,1665988464,0,0
victorstenshin,44341752,1620841845,0,0
vikasgupta0205,97198318,1674628482,0,0
viki37,90792460,1692092136,0,0
vikingchucky,11744778,1655294246,1,1
vikrams02,29632720,1581978691,0,0
vitor2908,114404764,0,1,1
vlad_tepes_iii,44409314,1652005771,0,0
vova346,70582054,1603867382,0,0
vy350wagon,11108054,1393317990,0,0
waialex,59082266,1626671051,0,0
wallace_wang,35869808,1598357890,0,0
wallyweinberger,24216030,1485457718,0,0
walsamh,9573100,1610016984,0,1
warrior140,38410684,1667381936,0,1
wearsider,4692851,1608571588,0,0
welsford,4649880,1526130782,0,0
whatthisis,6388881,1692114902,0,0
whynotplayagain,7368179,1657840310,0,0
wibichess1211,105279602,0,1,1
wickedrooks,62099050,1663848521,0,1
wightman,2406206,1464008344,0,0
wikkua,116314528,1625923474,0,1
wildman1966,30285364,1692293310,0,0
wildrover137,12080990,1378677920,0,1
willersdan,5468173,1513697481,0,0
willistheknight,76825030,1604087779,0,0
willowforest,10014040,1388944483,1,1
wizardaxe,22385808,1441461067,0,0
wolff-jones14321,136303454,1621626242,0,0
wonderfolly,13201302,1460455277,0,0
xacerimmer,167405423,1660723442,0,0
xandassu,32334892,1559524817,0,0
xrayas,95000696,1662309794,0,0
xueshanfeihu123,151700785,1662348706,0,1
yaroslavvvvvv,41995264,0,1,1
yash_1434,175703507,1672701303,0,1
yassmenrosee,74807838,1680432743,0,1
yavvee,94927396,1636586592,0,0
yelenofftroy,182099953,1674632621,0,0
yogabija,3829791,1463608233,0,0
yongo78,17840512,1563968838,0,0
you-win-sum,47603682,1657573176,1,0
youtube19,33522073,1603994181,0,0
ytoong,2795601,0,1,1
yupi997,167286537,1657253109,1,1
yusifov2004,193809953,1673755013,0,1
yuwild,35044166,1690721807,0,0
zag91,63252298,1667342252,0,0
zagg5433,100714874,1667378355,0,0
zendak,62763894,1656040071,0,0
zinsx,30115248,0,1,1
zugzwischenzwang,157512535,1645206004,1,0
zxcghj,91767238,1662902413,0,1
