username,timestamp
007vincci,1663012191
00sonal1234,1663012191
01fsb,1662925445
07bani,1662925445
123digi,1662925445
14thfighterassult,1662925445
15carlosandres15,1663012191
1987srki,1662925445
2000horses,1662925445
2007gvv,1662925445
2727brazy,1662925064
299792458l,1662925445
29ahaan,1662925445
2muchtime,1662925445
34raya56,1663012191
3644,1663012191
36580celtic,1662925445
4-player_chesser,1662925445
45kingz,1662925445
4rdi,1662925445
5122004chess,1663012191
6u355wh0,1662925445
770chess770,1662925445
777firephaser,1663012191
919447886593,1662925445
a123xxsp,1662925064
a7892,1662925445
a9-alireza,1663012191
a_fred,1662925064
a_h1007,1663009955
a_mak22,1663009955
a_smart_slider,1663009955
aadyantgupta1207,1662925445
aakay4u,1663012191
aal2015,1663012191
aanyaroy,1662925445
aarcaro,1662925445
aarush10000,1662925445
aarushwasnik,1662925445
aashirjamal,1663013141
aatm,1663012191
aayala,1663013141
aayushbose-malad4a,1663013141
abd3tk,1668109445
abderrahim-aocc,1663012191
abdul_99,1663012191
abdul_bismilla,1662925445
abdulmalek-alaghbary,1662925445
abet0328,1663012191
abhayaditi,1663012191
abhithegr8,1663012191
aboga,1663012191
abolfazl1370,1662925445
aboodirshid,1663012191
abu1605,1662925445
accattone4444,1662925064
ace25800,1663013141
acebai,1663012191
acedeteriorated,1663012191
acemk64,1663012191
achiever222,1662925445
achilmas,1663012191
ackc105,1663012191
adam_ehab,1663013141
adamgalt,1663012191
adamlrh,1662925445
adamsrj,1663013141
addiswu,1662925445
ademm8411,1663012191
adhichakravarthy,1663013141
adi_san_antonio,1662925445
adilbil70,1663012191
adu711,1662925445
adumbrate,1663012191
advaitpawar010,1662925445
aeinosante,1663012191
af_hadiwijaya,1663012191
african_bishop,1663012191
agasthya2018,1662925445
agostinobonavoglia,1662925445
agujazo,1663013141
agusirawan13,1662925445
ahernaman1,1662925445
ahmadnia2015,1662925445
ahmedazzouz,1663012191
ahmedegyptair,1663012191
ahmedelzeiny171,1662925445
ahmedgafarelhadi,1663012191
ahmedkhan101,1662925445
ahmedsamir28,1662925445
aimilioscornelios,1662925445
ajaykarthickc,1662925445
akash_1212,1663012191
akazanub,1662925445
akili20,1662925445
akiljayakumar1,1663012191
akshajguptaheroproheroak,1663013141
alan_jaff,1662925445
alanwalkerdj,1662925445
albert120491,1663012191
albixjon,1663012191
alekcahdp,1663012191
aleksandr1981chess,1662925445
aleksandr_cher,1662925445
alekseinder,1663012191
aleksius,1662925064
alenthomas,1662925445
aless199,1662925445
alessoyves,1662925445
alex0888,1663012191
alexander212012,1662925445
alexander_rv,1663012191
alexandershepotko,1662925445
alexchen88,1662925445
alexchessandvodka7,1662925445
alexecutor,1663012191
alexey_quijano154,1662925445
alexiva56,1663013141
alexkung18,1662925445
alexrojas96,1662925445
alexzhu6359,1663012191
alhouss,1663012191
alibabag_7,1663012191
aliciapenacho,1663012191
alien43,1662925064
alifant,1663012191
allen1717,1662925445
alnov2018,1663012191
alojzk,1663009955
alqudaimi,1663013141
aluicious,1663013141
alwayssixilian,1663012191
amalie1,1663012191
amanps2,1663012191
amhsociety,1662925445
aminwolf10,1662925445
ammour-khaled,1663013141
amogh554674320,1662925445
amrabogoo74,1663012191
amshrek000,1662925445
amusanio,1662925445
amx92,1663013141
amy3139,1662925445
anandfanpl2,1662925445
anastasioskalamaras,1662925064
anatoly007,1663012191
anaxagoras0,1662925445
andantino07,1663012191
anderstz,1663012191
andlejka,1663013141
andr41958,1663012191
andreibari,1662925445
andreize,1662925445
andrejstrong,1662925445
andrewllll,1662925445
android_paranoid,1663012191
angel_srishti,1663012191
angela_estil,1663012191
anhtrandn,1663012191
anhung2407,1662925445
anika35,1662925445
animaul7,1663012191
anirbanmaximus,1663012191
ankanpal,1662925445
ankitgnit,1662925445
annaaaurelia,1662925445
annhien2019,1662925445
annie1099,1662925445
anquitectoao,1662925064
anselmk,1663012191
ant4million,1662925445
antagonist,1663013141
anti-nacl,1662925445
anticus_germanicus,1662925445
antmg,1663012191
antoniocastillovilla,1662925445
antoniovivaldijr,1663012191
antuntunov,1662925445
anvari-hasan,1663012191
apelmahmud,1663012191
appoloceylon,1662925445
apxasa,1663009955
aradhanag,1663012191
arashee2,1663012191
arashtootoonchian,1663013141
arch-man,1662925064
archangel_cheesecake,1663012191
ardennskyveprii,1663012191
arenbas,1663009955
ariaan_w,1663009955
ariav_superchess,1663009955
ariella2003,1662925445
arijone8392,1663013141
ariues,1663013141
armasolomon,1662925445
arminhoshibuhariwala,1662925064
armyka2012,1663009955
arnarbreki,1663009955
arnavbhat1234,1663009955
arnobrahee,1663013141
arnoldyak,1663013141
arora_arora,1663012191
arrebatacapas,1663013141
arshaknavasardyan,1663012191
arthar1985,1663013141
arturobg7,1662925064
aruna02,1663012191
as123100iq,1663009955
asadrow,1662925445
asalvz,1663012191
aserticc,1663009955
asgari,1663012191
ashlelle,1663009955
ashraf26,1663009955
astrodorico,1663009955
atackplayer,1662925445
atharva_tomar,1663012191
atomic_rift,1663012191
atticus_1984,1663009955
atumlaw,1663013141
au-chessgambit37,1663012191
audriusbitin,1663013141
audryslabas,1663012191
august_risgaard,1663009955
augustokarlo,1662925445
aurimasda,1663009955
aussiematt12,1662925445
automaton_dragon,1663009955
avantaron,1663012191
averagerecord,1663012191
avinash_100,1662925064
awesome_9,1663012191
awnih,1663013141
axamaxa,1663012191
axelembrechts,1663009955
axelgf2,1663009955
axelou2000,1663009955
ayad22,1663009955
az2019chess,1663013141
azazelae,1663012191
azmymusthafa1988,1663009955
azur82,1662925064
b4b20,1663009955
b4t,1663012191
babychesschess,1663012191
babyknightrider,1663009955
badboy818,1663012191
bagspree,1663012191
bala6391,1663012191
balajibalaj,1663013141
balint1,1663012191
banachess,1663009955
baptist-bella,1662925445
barbis,1662925064
barbosiuss,1663013141
baronvonmuskusrat,1663009955
bars14,1663012191
bartwenty,1663012191
baseballnut,1663012191
basjebooi,1663012191
bchui1,1663009955
bcvanhauer,1663009955
beaker444,1663012191
beatrics71,1663012191
beerliker,1663013141
begginerssystem,1663012191
belalking3,1663009955
belsed,1662925064
beltogm,1663012191
benjamincharlie,1662925445
benjamindu100,1663013141
benji0610,1663009955
bensanjuro,1663012191
berberic,1663009955
berbin,1663012191
bernard-pratten,1663012191
bestoutoffive,1662925064
betterthanmrob,1662925064
bgalindo,1663012191
bgeyes,1663012191
bgraham0189,1663009955
bgzack007,1663009955
bhar22072,1663012191
bhimsen123kulkarni,1663012191
biagionex,1663013141
bigadson,1663009955
bigdeesky,1663012191
bigdoggproblem,1663013141
bigt111210,1663012191
billi_grande,1663009955
billssama,1663013141
binhvhy3,1663009955
biskano6,1663009955
bistravoda,1663009955
bjneller,1663009955
bjt1208,1663012191
blablad,1662925064
bladerunner49,1663012191
blakesc,1663013141
blaze126,1663009955
blazeinferno,1663012191
blazingflame123,1663009955
blinggamer,1663009955
blkdragon73,1663012191
bloodbear,1662925445
blue_mpiou,1663009955
blueskind,1663009955
bluethequeen1,1663012191
bm12125,1663012191
bmwilly,1663009955
bniki,1663009955
board_pixal,1663009955
boardeater,1663012191
bobcat,1662925064
bodger,1662925064
bonassolese,1663009955
bond51,1663012191
boodyknight,1663009955
booshaka13,1663012191
boriss48,1663013141
borysiatko,1663009955
bossamuca,1663009955
botond19,1663009955
boutitifatimazohra,1663012191
bowl3urope,1663009955
boyetalvarado123,1663012191
boyombo,1663012191
bozznaj,1663012191
br1962,1663013141
brainspoiler64,1663012191
brasen,1662925064
bratac_38,1663009955
breadwinner313,1663012191
bredha25,1663012191
breij,1662925064
brendanchong11,1663013141
brentyun,1663013141
briancuizon,1663009955
bridget227,1663012191
brk0410,1663009955
broj1tnt,1663012191
bronzegerbil,1663009955
brotherchessmasters,1663009955
brumeschenkel,1663012191
bruno-sa,1663009955
brunocaxias,1662925445
bsn232,1663009955
buchidele,1663012191
buck_ofama,1663012191
budda132,1663012191
buffalex,1663009955
buggyguy2,1663012191
bughuul,1663009955
bulletnoob16,1663013141
butchjov,1662925064
bvb68,1663009955
bxr_bailey_blade_gt1,1663009955
caesar0149,1663012191
cafebreaktime,1663012191
cahek83,1663009955
califeqxad,1663009955
camilog28,1663013141
candelatch,1662925064
cannondabomb,1663009955
caoyun2020,1663009955
capaneus,1663013141
capbla,1663009955
capri_knight,1663012191
carelessbishop,1663012191
carloandres,1663009955
carlosg297,1663013141
carlosze,1663009955
castielx3kyo,1663009955
castillin98,1663012191
castleslong,1663013141
catalanopen,1663012191
catbagger,1663012191
catfish11,1663012191
catsone,1663012191
catty_cat,1663009955
caturkita,1663013141
cdaguer,1663012191
cdahh,1663009955
cebuanoako,1663012191
celestinosebastiao2,1663012191
celldogg,1663012191
celyrojo,1662925064
centbw,1663009955
cerjr,1663013141
certai,1662925445
ceytmateri,1662925445
cf_garza,1663013141
cfox59,1663012191
chandrahas1716,1663009955
chandu_b,1663012191
chanothal,1663012191
charan1304,1663009955
charlesbusby,1663012191
chartsniper,1663009955
check2you,1663012191
cheesesmog,1663012191
ches1245,1663009955
chess286,1662925064
chess2hawks,1663013141
chess_1998,1663012191
chess_fighter_2020,1663009955
chess_god128,1663009955
chess_idiot,1663013141
chessbest302,1663009955
chessboy265,1663009955
chesschamp9414,1663012191
chesseer007,1663009955
chessforfi,1663009955
chessisfunforme,1663012191
chessking2151,1663012191
chessking_2010,1663009955
chesslab2016,1663012191
chessmasterjuusky,1663009955
chessmenxxx,1663009955
chessnutcafe,1663012191
chessplay05,1663012191
chessplayer0112358,1663013141
chesswillow102,1662925445
chesswizard10001,1663009955
chessxfun,1663013141
chesszardoz,1663012191
chesszcom,1663012191
chevcanulo,1663012191
chileon,1663012191
chilindile,1663009955
chinfs,1662925445
chirov31,1663012191
chitmyathr,1662925445
chlomburmuk,1662925064
chomskyhunk,1663013141
choopahlah,1662925064
chouz,1663012191
chrisandum,1663012191
christianjaynabor,1663012191
christina27,1663012191
christinecrystalline,1663012191
chubsterbank,1662925445
churchill5000,1663009955
cicuskam,1663012191
cikuzis,1663012191
ciprianmariusciprian,1663013141
ciupektong,1663012191
clarke109,1663012191
claudeaskel,1663012191
cldcrist,1668197141
cliffordgoodman,1663012191
clockjock,1663012191
clockworkhound,1663009955
clyd_harold,1663012191
cobradad,1663013141
codnichraciny,1663009955
codusmachine,1663009955
colocarp,1663012191
combie,1663009955
concord28,1663012191
condedracula,1662925064
cool_shlok,1663009955
coolarya,1662925064
coolman11,1663012191
cosaa11,1668193955
cothurnatus,1662925064
couldntfindagoodusername,1663009955
coupkaput,1663009955
craftmon123,1663013141
crankinhaus,1663009955
craven89,1663013141
craynor,1663012191
cre1988,1663009955
cre3d,1663013141
creny,1663009955
cristianovogado,1663009955
crononeto,1663012191
crown500,1662925445
crushyouagain,1663009955
csaba71,1662925064
cuonggiangtnchess,1663013141
curiosity_88,1663012191
cutehuntress27,1663012191
cwwwdw,1663012191
cyrilb1982,1663009955
cyruskrieger,1662925064
d-alexandru,1663013141
d-murcat,1663012191
dabears1974,1662925064
dada3018,1663012191
dadoom,1663012191
daftpunk09,1663009955
dallinh,1662925064
danefehlberg,1662925064
danesz22,1663013141
dani68789,1663013141
danicant,1663013141
daniel-gong,1663012191
danielsilvamontei,1663013141
danielvr55,1663012191
danijelviking,1663012191
danny233,1662925445
danrazvan,1663013141
darfes,1663009955
dargn,1663009955
darimi27,1663009955
dark-frankenstein,1663009955
darkcolumbusknight,1663012191
darkknight1980,1663013141
darksupay,1662925064
darmabalen,1663013141
darrs,1663012191
darthvader336,1663012191
dash-mate,1663012191
dastsina,1663012191
davetom2002,1663009955
david_08460,1663013141
daviddelvalle,1668109445
davide_sst,1663013141
davidioele,1663009955
davidjay01,1663009955
davidjcrabb,1662925064
davolandel,1662925445
dawoodgamal1970,1663013141
daylnjordan,1663009955
daywalker01,1662925064
dazzle110716,1663012191
de_meace,1663009955
deadfna,1663009955
deadlockeddestroyer,1663012191
deadneuron,1663009955
deandangeroustdd7,1663012191
death_or_glory,1663012191
debonairmaven,1663012191
ded-com4,1663009955
deemannn,1663012191
deep07092004,1663009955
deepak21071974,1662925064
dellingr,1662925064
delmat925,1663009955
demain66,1663012191
denjackson,1663012191
dennism1025,1663013141
dentontd,1663012191
dentroyernumber1,1663009955
deonisijru,1662925445
destroyerjm,1663012191
destroyerofchess06,1663013141
detonator1230,1663009955
devansh290403,1663013141
dhammon52,1663009955
dhan_bogati,1663012191
dharshanaravi,1663009955
dhinesh711,1663013141
dhineshad,1662925064
dhruvagarwal101,1663013141
diamond_clover,1663009955
diane166,1663012191
didadala,1662925445
diegofpr,1663012191
diegonal,1663013141
dinaaverina12345,1663009955
diopatzer,1663009955
disopzdyankov,1662925064
djaffar201822,1663013141
djamel1,1663012191
djchessdog,1663012191
dlxviii,1663012191
dmitry1komarov,1663013141
dmitry_sokolov,1663013141
docortho,1663013141
doctortoncich1962,1663012191
doktorfaustus,1663013141
dolasf,1662925445
dolcevita888,1663009955
domdedomdom,1662925064
don_lukasz,1663009955
donbankole,1663009955
donna971,1663009955
donoscar27,1663012191
donsando,1663009955
dotaden,1663012191
dr_numb,1663009955
dragonofthedarkheart,1663013141
dragonslayerl,1663013141
draningwaterhi,1663009955
dreamboy3,1663012191
dreamingvoid,1662925064
drei_27,1663009955
dritacollaku,1663009955
drivaholic17,1663012191
drjunkenstein,1663009955
drlukasz,1663012191
dromaroav,1663013141
drsubida,1663013141
dubayeww,1663009955
dudeman9965,1663009955
dumbluck007,1663009955
dungnhu04,1662925064
duongmeo,1663009955
dusankovacevic3,1662925064
duuren,1663012191
dyvanov0911727038689984,1663009955
dzi2,1663012191
easyboy2015,1663012191
ed9182,1663012191
edadams,1662925064
eddieb1963,1663012191
edgar_casapia_pe,1662925064
edi-70,1663009955
edlcamposjr,1663012191
eduardobaydesvictor,1663012191
eenaii,1663012191
eguindy,1663012191
egypt_son,1662925445
ehg,1663012191
eirure,1663013141
ejdivina,1663012191
ekagiorgishvili,1663009955
ekstrong,1663013141
elcarpintero,1663012191
eldar19,1663012191
elenab2002,1663009955
elgujakajaia,1663013141
elindestructible2,1663013141
elisal76,1662925445
eljayshaun,1663009955
ellahi13,1663013141
eloiorigami,1663009955
elreason4,1663009955
emilio1977,1662925445
emmanboy,1663012191
emnamu,1663012191
empedocle,1662925064
emrehasgulec,1663013141
enchantedroyalty,1662925064
endo-russianspypotato,1662925064
enelaychess,1663009955
engdoesmagicnreacts,1663009955
enggrahulverma,1663012191
englishorangutanowen,1663009955
enoiw,1663012191
ens_riuu,1662925445
eriazuf_ron,1663012191
eric0203,1663009955
ericperlman,1663013141
erikaslith,1663009955
eskaah,1663013141
esmail84,1663012191
estebanverun02,1663009955
esteghamat,1663012191
esurytas,1663012191
etznab93,1663009955
eugen_pcad_ru,1663013141
euntae00,1663013141
euplere,1663009955
eurory,1663009955
evgen1259,1663013141
evil_werewolf,1662925064
exceptional_tanmay,1663009955
expert2121,1663009955
eyedoc2450,1663012191
f_e,1663012191
faalihah,1663009955
fabianschach,1663012191
fabienramball,1663009955
fadeoutlines,1663012191
fahad_pallabi,1663013141
fair_carrot,1663012191
falcon-gw,1663012191
falcon79,1663012191
falconkaiser,1662925064
fallenangels17,1663012191
fangelofvengeance,1662925445
farhaad12345,1663009955
farzin_rezaei,1663012191
fatoscaushllari,1663013141
favius-panda,1663009955
fcbarcelones,1663012191
fdreflet,1662925445
fedorovich59,1663012191
feherlofia,1663012191
felipe361,1663013141
ferriumrook,1663009955
fidel1965,1663013141
fiercefighter5,1663013141
fifthkazoo,1663009955
filipchi,1663009955
filipinaadventures,1663009955
filipmagda,1662925445
fineas1,1663012191
fishtrainee,1663013141
fiveuli,1663012191
fjja,1663013141
flfj,1663009955
fliubo,1662925064
floatinpawn,1663009955
floris43,1662925445
floydgg,1663009955
flutter,1663013141
flypielord,1663012191
fokon007,1663009955
fongchunkit,1663013141
forced_matt,1663009955
fourier1618,1663009955
foveolus,1663009955
fran1977,1663009955
frank0288,1663013141
freddy1201,1663013141
fredix232,1663012191
freeloser,1663013141
freemason-77,1663009955
freshyfresh,1663009955
freude3,1663012191
froadwick,1663012191
fullpoker70,1663009955
fumblingdeer,1663012191
funkysoul,1663012191
funtreasure,1663009955
g-levenfish,1663012191
g0gul,1662925064
ga56789,1662925064
gaddy,1663013141
galuhfone,1663012191
ganbat66,1663009955
gangadharantk,1663009955
gary5daniels,1663012191
garyrz,1662925445
gaschris,1662925064
gasiorny,1663009955
gatron,1663013141
gautham_a,1663009955
gavinw,1668197141
gavrushin_tim,1663012191
gcarter1,1663012191
gdany93,1663009955
gecofa,1663009955
gengen813,1663013141
geofflosophy,1663012191
georgechn,1662925064
georgepetcu,1662925064
gerabelo,1663013141
gerardomorper,1663013141
gerboy,1663013141
gertsog,1663009955
getmanrn,1663012191
ghaderpour,1663012191
giaan1231,1663009955
giahungola2012,1663009955
gillesvaganay,1663012191
giraffepoacher1234,1663009955
gisago76,1663012191
gislex,1663013141
gjohndale,1663009955
gk59,1663013141
gm-free,1663012191
gm_alphazer0,1663009955
gm_andrewfeng,1662925064
gm_chessmaster2202,1663009955
gm_dolphin,1663009955
gm_nima,1663009955
gm_setokaiba,1663009955
gm_stone_vn,1663009955
gmhboadu1,1663012191
gmmathewfranczak,1663009955
gmtosbik,1662925445
gnyan,1663013141
goalie29,1663012191
gokul009,1663013141
goldenbuzzer,1663009955
goldenfire4211,1662925064
goldielocks2013,1663009955
goldsam,1663012191
goldwater,1663012191
golubar,1663012191
gonzopunkrocker,1663009955
gopalsinghchauhan20,1663009955
gorlap,1663009955
gossie100,1663009955
gouska,1663009955
grandfather11,1663013141
gray-s-j,1662925445
greatkingdave,1663012191
greedyuniverse2009,1663009955
greenoak,1663013141
gregalain,1663012191
gregfork,1663009955
gregorr83,1663009955
gregory1232,1663013141
grimantogra,1662925064
grimm_l,1663009955
grogiv,1663012191
groovedaddy7414,1663012191
growlingtiger077,1663012191
gsr-07,1663012191
gstephaniech,1662925064
guaiz,1663009955
guesswhoiam,1663012191
gufo1975,1663012191
gummug,1663012191
gustavin1964,1663009955
gustavomoraisnunes,1663012191
gustavoparreira1351,1663009955
gustopher5,1662925445
gytis_m,1663009955
h_aazem_e_chess,1663012191
habibaalaaeldin,1663009955
hafrn,1663013141
haider74,1663013141
haizzz99,1663009955
hamidreza466,1663009955
hanhtun,1663009955
hanswall,1663013141
hany_attia,1662925445
hanys,1663012191
happycamper007,1663009955
hardikbpathak,1663012191
hargest,1663012191
harianja_pr,1662925064
harinezumisama,1663013141
harishchess1,1663009955
haro1978,1663012191
harshlokhande,1662925445
harunawie,1663012191
hashyk33,1662925445
hcbenda,1663012191
hdvhungnguyen,1663009955
hedieh_1382,1663012191
hemant_jhamnani,1663012191
hemnath13,1662925064
henrik_darkwolf,1663009955
hephaestus23,1662925445
hepsimanyakbunlarinyaa,1663009955
hermandebruin,1663013141
hermansky,1662925064
heroin0927,1663009955
herrvadik62,1663012191
hi_aksi,1663012191
hichem313,1663009955
hideghost,1663012191
hijiribashi,1663009955
hippase,1662925064
hirokamasutra,1663009955
hiwould1,1662925445
hjosic,1663012191
hlornik,1663012191
hobbit1987,1663009955
hobgoblin16,1663012191
hollygabrielson,1662925445
honabibisha,1663009955
hoonwaybeen,1663012191
hopton5,1663009955
horaceleon,1663009955
horial1,1663009955
hornet1997,1663012191
hosseinidarush,1663013141
hotdoghank,1663012191
hotshot002,1663009955
houarihasna,1663009955
houssem23,1663009955
howboutthemseahawks,1663012191
howlingmadbenji,1662925064
hqla,1662925445
hryhoriychuk,1663012191
hsparihar9,1663009955
hubbleye,1663012191
hudman653,1663012191
hugofianchetto,1663012191
hulgaich76,1662925445
huttetu,1663013141
hwangjeon,1663009955
i-s-t-a-n-b-u-l,1663012191
i_am_sher_locked,1663009955
i_walkingalone,1663012191
iakhos,1663012191
ibaylonc,1663009955
ibnhottab,1663009955
ibra2013,1663012191
icantforgetyou,1663009955
iceman197505,1663012191
igor63638490,1663013141
igorkhomenko,1663009955
ihsanalattar,1663013141
ihsanfauzii,1663009955
ileek,1663009955
iliet,1663009955
imagudboy,1663012191
imansajedian,1663009955
imcraig,1663012191
imjustcup,1663009955
immhold,1662925445
implodingturtle1,1663009955
imsid21,1663012191
incognito7,1663009955
infernofenix,1662925064
ingin,1663009955
inosuke,1663013141
inversesrevni,1663012191
ioannisbek,1663009955
ionutsilviu,1662925445
ipersist,1663013141
iphone7777,1663012191
ir2020,1663013141
iris77,1663012191
ironic_u,1663009955
irvano,1663013141
isacruz1096,1663012191
isis2012,1663012191
ismayil_71,1668109445
it4ever2008,1663009955
itanasa,1663012191
itanhoxha,1662925064
itsmeniklas,1663012191
itsukio,1663012191
itzkedar,1663009955
ivan_russian,1663009955
ivanov82,1663012191
ivanra,1663009955
ivarv,1663009955
iwillwineasily,1662925064
iwon5000gamesonhere,1663012191
j3rryz,1663009955
jackbauer111111,1663012191
jackbolero,1663012191
jacobnewchessuser83-9,1663012191
jacs11,1663009955
jadhv,1663013141
jagadishbabu0406,1663013141
jagd46,1663012191
jahazzielfr1803,1663009955
jailtonmaster07,1663013141
jaimego305,1662925064
jaimesoares,1663009955
jakaranda1899,1662925445
jameel_alsodany,1663013141
jamesb57,1663012191
jamiiii,1663009955
janeklass,1662925064
janlisy,1663013141
janyax,1663013141
jaramill24,1663009955
jardeste,1663012191
jared1909,1663009955
jascao,1663012191
jasuly,1663012191
javaman1989,1662925064
javed26omar,1663009955
javeness,1662925445
javierhernandez2019,1663009955
jaycas20,1662925445
jazz_drummer,1663012191
jb159,1663013141
jberjon,1663009955
jbouklas,1663009955
jbudd00,1663012191
jcalvosanz,1663009955
jchavarriaf,1663013141
jcsk8,1663013141
jdalabama,1663012191
jdh5015,1663009955
jeanjuno,1663009955
jed0925,1663009955
jeffroj51,1663013141
jeffzu,1663012191
jeflen5055,1663012191
jefrodownunder,1663009955
jenajones,1663012191
jenkiryu,1663012191
jennysmith1975,1663009955
jeoernie,1663012191
jerbits,1663012191
jeremia5,1663012191
jeremy_feilong,1663009955
jeronimo691,1662925445
jerroldhayes,1663013141
jessieknsb,1663013141
jessieromero,1663012191
jetblue16,1663012191
jetty26,1663009955
jeziur,1663012191
jhan998,1663009955
jhanvijadhav,1663012191
jhatelero,1662925064
jhoelus10,1663009955
jim_manatad,1663012191
jimbo88,1663012191
jimmynem,1663009955
jimninus,1663012191
jimpisarcik,1663012191
jingchun707,1663012191
jirachipark,1663009955
jirogarvida,1663012191
jisan1702,1663009955
jmh29,1663009955
jml1960,1662925064
jnable,1663013141
joaoporto,1662925064
jobayirmoral,1663009955
jocarroll,1663012191
jocoma,1663012191
jocularsnake,1663013141
joda77,1663012191
joe8888,1662925445
joeminefourkis,1663013141
joey2008,1663012191
joeyhere,1663012191
joeysgone,1662925064
jofprongs,1663009955
jogers,1663009955
joghegar,1663012191
johndoughten,1663012191
johnnywineg,1663009955
johnsonscreek,1663009955
jonnycheckmate,1662925064
jopekx,1663009955
jorgerecio1800,1663012191
joseagr,1663012191
josealonso1,1662925064
josearispe,1663012191
joselorenzo1951,1663013141
joseperdomo,1663009955
josephqmaliwat,1662925064
josesantiago,1662925064
joshms3,1662925445
jotape1,1663009955
jotope,1663012191
jouleme12,1663012191
joyrajesh95,1663013141
jparr1,1663012191
jrc_96,1663012191
jreed1979,1663009955
jrtras,1663012191
jruse,1668197141
juacop,1663009955
juanacho82,1663009955
juanant20002002,1663013141
juanponcedeleon,1663009955
juanvichess,1663013141
juliocunha,1662925445
juliojames50,1663012191
julo248,1663009955
jumbaire,1662925064
jummy03,1663009955
jumush,1663009955
jurip,1663009955
justlovethegame,1663009955
justmissi11,1662925445
justthepawns,1663012191
k_mate,1663013141
kabraj555,1663012191
kaiba_seto_1997,1663009955
kaiso2,1663012191
kalu991,1663009955
kamelloko123,1663009955
kamranshakil77,1663009955
kaniyih,1668109445
kapachao,1663009955
kapivara,1663013141
kappawn,1663012191
karabulut1,1663012191
karamach,1663013141
karbari,1663009955
karechess,1663012191
karl-heinzoetinger,1663009955
karla1234,1663012191
karmuts,1663013141
kasaykasay,1663012191
kaspichess1,1663009955
kasrkin,1663012191
kasten,1663012191
katanecdenis,1663012191
kaueflr,1663009955
kayagun,1663013141
kcdie,1663013141
kdbou,1662925064
kdk_fanrepairs1009,1663009955
kelvin1305,1662925064
kemal5,1663012191
kenjaev,1663012191
kenny5277,1663009955
kennyg_81681,1662925064
kenshn_himura,1662925064
kensi,1663013141
kestumsalus,1663012191
ketabesheni,1663012191
keubla,1663012191
kevinapper,1663012191
kevinchan123,1663012191
kevinmegaputra,1663009955
keys-11-the-castle,1663012191
khamssoussou,1663012191
khaya1979,1663013141
khchinglen,1663013141
khlody90,1663012191
khoala1234,1663012191
ki2kid,1663013141
kidsentertainment,1663013141
kikerron,1663013141
kilby_shibby,1663012191
king_charles_g,1662925064
kingcuda,1662925445
kingfcuk,1663009955
kingharlsh,1663012191
kingsanju,1668197141
kippo87,1663009955
kiretrpkovski,1668109064
kitapop,1663013141
kitkat2004,1663012191
kjetteren,1662925064
kknighthawkk,1663009955
klenas,1663009955
kleoo,1662925064
klimtkiller1,1663012191
kmykc61,1663009955
knight_bsh,1663009955
knightknocker,1663012191
knightqueen,1663013141
knightsacademy,1663013141
knightsofia,1663013141
knighttemplar,1662925064
knightyknightmare,1663013141
kokaok77,1662925064
kokolol123,1663009955
kolut123,1663012191
komarnagrycki,1663013141
komouro,1663013141
kondziu90,1663009955
korperdream,1663013141
kosmohunter,1663009955
kosoe123,1663009955
kostadis,1662925064
kostaskotsias,1662925064
kostygov,1668197141
kotealex,1663009955
krasimirkosturkov,1663009955
kratos82,1663012191
krishna4960,1663009955
kristiangjoerv,1663009955
krukus,1663013141
ksbalan04,1663013141
ksbreed123,1663012191
kstephano7,1663009955
ktflash96,1663012191
kukbob,1663012191
kungsom,1663012191
kunto_pram,1663013141
kuravi55,1663012191
kushak08,1663012191
kwikphoenix,1663009955
kxxheroicxxj,1662925445
kylerom_sygaco,1663012191
kyu13,1663013141
laazerjemeis,1663012191
labz87,1663009955
lahpra,1663009955
lahta,1663009955
lajugadadelexito,1663012191
lamar1974,1663012191
lambretta05,1663013141
laowailaoshi3,1663012191
larsemans1,1663012191
laserbeast1611,1663013141
laskerfisher,1663013141
lassbegas9820,1663009955
lazio65,1668109445
lazytony54,1663013141
lazzars,1663012191
ldccdt,1662925064
ldrago6,1663009955
leafy36,1663009955
learningcoach,1663012191
learsureshning,1663012191
leekaixiang,1663013141
legend9414,1663012191
legendary1437379,1663013141
legomaster6,1663009955
lekelekekekeleke,1662925445
lennykenny05,1663009955
leo050292,1663012191
leocruz_8815,1663012191
leofeld,1663012191
leokaizer,1663012191
leonchikg,1663009955
leonidmartynovich,1663009955
leonya2729,1662925064
leroidesrois,1663013141
lespetitsjulius,1663009955
letacaliskan,1663013141
letigre11,1663012191
levchu,1663012191
levimitch,1663013141
lgman,1663012191
lhdk,1663012191
libearion,1663009955
lifeischess64,1663009955
lightyagimi,1662925064
liketowin,1663013141
liliana_v,1663012191
lilredrooster,1663012191
limitlesstriangle,1663009955
lionelcorreia,1663009955
lissette95,1663009955
listeningtraps,1663009955
listens2wind,1663009955
livat01,1663012191
ljubisasamardzic,1662925445
ljubomir1947,1663012191
llevant,1663013141
llocke88,1662925064
lmadiedo,1662925064
lobunja,1663009955
locochov,1663013141
logen_ninefingers,1663012191
lolachess18,1662925445
lologrecco,1662925445
lonewolf0727,1663012191
lonewolf277,1663012191
long-paul,1663012191
longhaipham,1663009955
loosecannonleroy5150,1663012191
lopemercado,1663012191
lord_0f_war,1663012191
lordconstantinople,1663013141
loudpearl,1663013141
louis-2014,1663009955
louisjk7777,1663012191
lphong,1663009955
lrj2011,1663013141
lronwall,1663012191
lt7466,1662925064
lucasbomba,1663009955
lucianolima45,1663009955
lucianomatte,1663009955
lucky52,1663013141
lufer85,1663013141
luis_ortega_escobar,1663009955
lukamajstorb4,1663012191
lukascel,1663009955
luke27fr,1663009955
lukin27,1663012191
lulalau,1663013141
lunatic1432,1663012191
lunyguy,1663009955
lupo_rosso,1663009955
lurker01,1663012191
luv_one2007,1663012191
m1k1t3,1663009955
m4tr0n4,1663009955
m_naeem,1663012191
maazzz,1663012191
macccode,1662925064
macheide857,1663012191
mackb56,1663013141
madansatan,1663013141
made_is_pmr,1663009955
madooegy,1663012191
mafiss777,1663009955
mag100,1663012191
maggiesfarm,1662925064
magikstone,1663012191
magistromagn,1663009955
magnus-carlsen90,1663012191
magnus_chase19,1663009955
magnusisbeastmode,1663009955
mahdito,1663009955
mahevishy11,1663009955
mahmoodhamed1988,1663012191
mak11779,1662925445
makilcci,1663009955
maleesha1234,1663009955
maleki19,1663013141
malekmansour89,1663012191
mampu,1663012191
maneuver_master,1663013141
mannysantos,1663013141
manolingmartinez,1663012191
mansr326,1663012191
mar_des,1662925445
maradey,1662925445
marc1230,1663009955
marc_steven775,1663012191
marcelov1212,1663009955
marcialbarragan,1663012191
marcoag62,1663009955
marcocordeiro2013,1662925064
marcosplib,1663013141
marcovych,1663009955
marcuslaw2020,1663013141
mardanny,1663012191
markcowley007,1663009955
marko_igie007,1663012191
markovicdragica,1663012191
marljivi,1663013141
martellochesscoach,1663009955
martim-pescador,1663012191
martramp,1663013141
masainz,1663009955
massimilianomedorini,1668197141
master2700,1663012191
masterluisa,1663012191
mastermaksymiliank,1663009955
mastersteen2001,1663012191
masvansa,1663009955
matefork,1663012191
matenik316,1663012191
mathematican,1663009955
mati_mahan,1663009955
matsui7,1662925064
matsumurafishworks,1663009955
matthewgilbert1971,1663012191
matthewisobin,1662925445
mattiasches,1663013141
mattismike123,1663012191
mattosuonato,1663012191
matussadlon1,1663012191
matviyivanov13,1663009955
maugerm,1663009955
mauro616,1663009955
mauronunezmolina,1663013141
mawokota,1663009955
maxchessfun,1663012191
maxe009,1663013141
maxfedoroff,1663009955
maximusiv,1663012191
mccarthus,1663013141
mcocobongo,1663009955
mcsator,1663012191
mdraffic,1663013141
medici777,1663009955
meenamuvalkar,1663013141
meet-suresh,1663012191
megamew,1663009955
megaraptor1,1663009955
meki9791,1663009955
mellowich2000,1663009955
melvinmurray,1663012191
melwei,1663012191
meosoul,1663013141
metaknightchess,1663013141
metal_pineapple,1663009955
meximartini,1663012191
mf972,1663009955
mg1986,1663013141
mgs1500,1663009955
mhdnasim,1663009955
micahjustus,1663009955
micebetweenthepeople,1663013141
michaeldale,1663012191
michaeloliva,1663012191
midhun-m,1662925445
midou2009,1663013141
miguelegamez,1663009955
miguelfernando46,1663009955
miguelppvaz,1663012191
miha28,1663009955
mihael_vatman,1663009955
mihaigrovu,1663012191
mik1942,1663012191
mike_aaa,1663012191
mikecop,1662925064
mikehunt412,1662925064
mikeorou,1662925064
mikest62,1668193955
mikey13xm,1663012191
mikhail5504,1662925445
miklucho-maclay,1663012191
milan456,1662925064
mileg1,1663009955
minhky,1663012191
minhphu2606,1663009955
minhuymegarayquaza,1663009955
minstrelivan,1663012191
miroslavtokan,1663009955
mirou1966,1663012191
misheil1521,1663012191
miss_aurelia,1663009955
missileman123,1663012191
mistip96,1663012191
mistybanky,1663012191
miszlerlevente,1663012191
mitchcanadian,1663013141
mitsud,1662925064
mitsurud,1663012191
mizerak,1662925064
mjm16,1663012191
mjmahoney714,1663009955
mkchess2013,1663012191
mklausner,1663013141
mkli1625,1663009955
mm76,1662925445
mmchessy,1662925445
mmilne95,1663013141
mnrhossain,1663012191
moaaz2,1663009955
modestusbombastus,1663013141
mohamad50,1663012191
mohamad_2014,1663012191
mohamadiajabi1354,1663013141
mokudan,1662925445
molli007,1663012191
mollib2003,1663012191
monal123_attack,1663009955
monazwir_1985,1663009955
monica-love,1662925445
monsieursolal,1662925445
monster4ever,1663012191
mootje2525,1662925064
mor_tal,1663012191
moredon,1663012191
morgen56pl,1663009955
morphymamba,1663009955
morteza-yaghoubzad,1663009955
morteza111,1663012191
moscowisgod23,1662925064
moshayad,1663009955
motraz,1663009955
mountleaper,1663012191
mourad_am_zaimeche,1662925064
mp_3xc5liber,1663012191
mphokek,1668193955
mr_anh_0108,1663009955
mranchev,1663009955
mrechess,1662925445
mreuan19,1663012191
mrnabli,1663009955
mrsadef,1663013141
mrsimbarashechikumbo,1663012191
mrtoilet,1663013141
mryucky,1663013141
mst4lifee,1663013141
muhamad1985,1663012191
muhammadtalented,1663012191
mulyono_gmail,1663013141
muronlviv,1668196191
murphjo1,1662925445
mwahed,1663012191
myfriend34nazimok,1663009955
mynameisnotbuddy,1663009955
myrna-oscar,1663012191
myrna_oscar,1663013141
nabilaopha,1663013141
nachoasecas,1663009955
nairanalves,1663012191
najmapav,1663012191
namitha02,1663012191
nannetoer,1663013141
napoleonjr,1663009955
narender5151,1662925445
nasa_2001,1663009955
nasrullah81,1663012191
nastja-thebest,1663012191
nastypanda,1663009955
natsu_mikan9,1663012191
navnet,1663012191
naxyrr,1663013141
nayantank,1663012191
nbernstein,1663009955
nbh999,1663013141
ndamulelo34,1663013141
ndavoodi,1663009955
ndharaka,1663012191
ndheeraj96,1663009955
nebesniy-eagle,1663012191
neilgado,1663012191
nelosantana,1663013141
nemesis_wat,1663012191
neomedo,1663012191
nerhvm,1663013141
nerminpoc,1663013141
nero256,1662925064
never_once,1663012191
newtreeno,1663012191
nexus0056,1663009955
nffc11,1663012191
ngn11,1663013141
ngominhman,1663012191
nguyenhoanglong132,1663013141
nguyenquocthang2013,1662925445
nick1697123,1663009955
nickcarn1,1662925064
nickson_25,1663012191
nickxie,1663012191
nickyiannoullou,1663009955
niddrieboy,1663012191
nifunifa,1663013141
nightwish2015,1663009955
nikhilmehta798,1663009955
niki19599,1663012191
nikita_nipone,1662925445
nikithamary,1663012191
niksaifulbahri,1662925064
nilamoni,1663013141
nilson2,1663012191
ninjakiwi17,1663013141
ninjapriest,1663009955
nirvaanthefound,1662925064
nisha66666,1663009955
nj-99,1663009955
nj2nancy,1662925064
njchesslover,1663009955
noble-surfer,1663009955
noel_nisperos,1663012191
noimisrudnoc,1663012191
nomoneyhoney,1663012191
noneedsavagery,1663012191
nonik3103,1663009955
nononsensical,1663012191
nooneknowswhoiam,1663009955
norman_sabaiton,1663012191
notachessguyithink,1663009955
nothingelsematters22,1663012191
notion45,1663009955
notsoverygood,1663012191
nparma,1663013141
nrm02,1663012191
ns_68,1662925064
ntapiwaz,1663009955
ntiinos,1663013141
numismaticsandchess,1663009955
oacamara,1663012191
ochman-chuzakin,1663012191
octopusknight2021,1663009955
odaneyappido,1663009955
ogimenezm,1663009955
ognum,1663009955
ojalallueva,1663009955
oldhog,1663012191
oleg042007,1662925064
oleksy92,1663009955
olyadream,1663009955
omar21634,1663009955
omegasupreme,1662925064
omergul552010684,1663009955
omj168810,1663009955
omk124,1663009955
onegr8r,1663009955
oneoftheclan,1663012191
onlywar,1663012191
oof3rgamer,1663009955
oomad,1663012191
opekta,1663012191
ophelienelson,1662925445
ordas77,1663009955
orion-2000,1668109445
orion-nd,1663009955
oro31,1663009955
orvalbeer,1663009955
osazenomwan,1663013141
ostrovski11,1663009955
otavio1994,1663009955
otehf,1663009955
ottodomingues,1663012191
oufay13,1663012191
ouol,1663009955
ovjfru,1663012191
pa03,1663012191
pafloryn,1668197141
paggi082,1663009955
paka55,1663012191
palatinus,1663013141
palinadias,1663013141
pan-san,1663012191
panda-tierra,1663012191
parhamattack,1663009955
pari_singhal,1663012191
parizadian,1663009955
part74,1663009955
parth292929292,1663009955
partho98,1663009955
pasalaqua,1663012191
pastorben,1663012191
patrickkersjes,1663012191
patricus_dominicus,1663012191
patriktesko,1662925064
pauljohn2013,1663012191
paulkelly1313,1663013141
paulyong,1663009955
pava876smart,1663009955
pawninsolito,1663009955
pawnrook4,1663012191
payasov78,1663009955
pccmmg,1663009955
pdmcguigan,1663009955
pedaldotnet,1663012191
pedcasal,1663009955
pedromiguelalayon,1663009955
pedrovskig,1663012191
pegasuspizza,1663009955
penguin_from_north_pole,1663009955
pennerhai,1662925064
petarlazic60,1663012191
peter19821982,1663009955
peterambroz,1663009955
peterba,1662925064
petritko,1663012191
petrovnik,1663012191
pham_gia_bao,1663009955
pham_gia_khiem,1663009955
phamvinhphu2009,1663009955
phatces0308,1662925445
philbertsky,1663012191
philjackson59,1668193955
phuntic_86,1663012191
pianopoeta,1663012191
pickledonion,1663009955
picklequeen102,1662925445
pigge,1663013141
pinarray,1663009955
pinoymaster77,1663012191
pipoca2007,1663013141
pirata00,1663012191
piyush790,1663013141
pizzatacopie,1663009955
pjkjnj,1663012191
pjotrs_daineko,1663009955
pkchohan,1663009955
platinum678,1663009955
player1800,1663009955
plm,1663013141
pluckypluck,1663009955
pmontoya,1663012191
poamaprajita,1663012191
podpecan,1663009955
poem-poems,1663013141
pointstrader,1663012191
polar_bear,1662925064
popcorn888,1662925445
popman2166,1662925064
porentablaz,1663009955
portuguese_devil,1663012191
potentc36,1663009955
ppcgarcia,1663009955
praavda,1663013141
pradnyasoorya,1663013141
prairie,1663012191
pranav_kalra12,1663009955
prashant2602,1663013141
prassnta,1663009955
primebc,1663013141
princessdiaz0597,1663012191
pro48,1663012191
profbee,1663012191
prottoy000,1663009955
psihopat21,1663009955
psv,1662925064
pughk11,1663009955
pulkkins,1663009955
puppers405,1663009955
purrificateur,1663014520
puuntuuppaaja,1663012191
puzzleplayer,1663012191
pvgool,1663013141
pyrandan,1668193955
pzamai85,1663012191
qalaafe,1663009955
qdex,1662925064
qeparo,1663009955
quaresima,1663009955
queenflora,1663009955
queengamer1234,1663009955
queenkaii0u,1663009955
quy1239,1663012191
qyn,1662925064
r0binson,1663009955
r_9,1663012191
r_kolga,1663009955
ra1vor,1663012191
radekp19,1663012191
radli,1663012191
rafi200723,1663012191
rafy1967,1662925064
ragices,1663009955
ragna_rock,1663014520
ragut,1663014520
raiderjoy,1663012191
raj_yadav,1663012191
rajawali_aircon,1663012191
raji24,1663012191
rajnish_singh,1663009955
rak1116,1663014520
rameeya24,1663012191
ramesh_bath,1663012191
ramosjhon,1663012191
ramy02,1663014520
randall81,1663012191
raphael72,1663009955
ras1210,1663009955
rati96,1663014520
rating_friendly,1662925445
ravipvns,1663012191
ray0333,1662925064
rayduqueiii,1663012191
rbinyaminov,1663014520
rcboy,1663012191
rchaney,1663014520
rdj,1663012191
realmad,1663012191
redbear11,1663012191
redchequer,1662925064
redhotpenguin,1663012191
reebokpanda,1663009955
reginaldo_teodoro,1663012191
rendiandras,1663012191
reneboy03,1663009955
renessunojuve,1663009955
revan2010,1662925445
reynaldo1234567,1663009955
reza_sameni,1663012191
rezazahrakarim,1663009955
rhinelesther,1663014520
rhycelcris,1663012191
ricanrooks,1663009955
ricardomorales,1663012191
ricardosenti,1663012191
ricgarancho,1668196191
richardcerezo,1663009955
richardmaganto8,1662925064
rickhm1,1663012191
ricksrseibert,1663009955
ridgecoyote,1662925064
rigald,1662925064
rikinho,1662925064
rinkesh143,1663012191
ris27_ris27,1663012191
risdr,1663009955
rivuchess,1663014520
riza92,1663014520
rlopez05,1663014520
robert3116,1663009955
robertochesspr745,1663009955
robertorr57,1663012191
robin_padilla3,1663012191
robkon,1663012191
rocangus2,1663009955
rocketman8,1663014520
rocknmetalforever45,1663009955
rockstaroftheyear,1663012191
rockyemsn,1663009955
roflu999,1663009955
rogelioperez-buendia,1663009955
roksanag,1663012191
roljuo,1663012191
roman10012013,1663009955
roman_08,1663009955
romancia,1663014520
romanticaromeo,1663009955
rombru23,1663012191
ronaldsaenz,1663009955
roncb,1662925064
rongr,1663013141
rookie-knights,1663012191
rosivalpj,1663009955
roslan,1668196191
rottleruin,1663012191
rpg-67rus,1663009955
rplastikmanh,1663009955
rrcn,1663009955
rschoolar,1663012191
rubato71,1663009955
rugbe,1662925064
rugby_man,1663012191
rulerofmind2,1663012191
runningpawnz88,1663012191
rustus91,1663014520
ruthwik11,1662925064
rwilliams_15,1662925445
ryanxiao_boston,1663014520
rylo0_0,1663009955
rypbebck,1663009955
s51,1663012191
sachirmat,1663014520
sacovalley,1663014520
sacreee,1663009955
saddammalek,1663012191
safefofa,1663012191
sahas1237,1663009955
sakib_4bdullah,1663014520
salaheldene,1663012191
salero,1663014520
sameerabrol,1663009955
samf64,1663014520
sami333,1663014520
samicks,1663009955
samismyteacher05,1663014520
samson1980,1663014520
samuelx365,1663009955
sanagustin79,1668193955
sanath1987,1663009955
sanctech,1663012191
sandau123,1668193955
sandrospin,1663009955
sanghoon119,1663009955
sanpammar,1663012191
sanrod2333,1663009955
sanuka_kithmal,1663009955
sar2008,1663009955
saritafreddie,1663009955
saroz,1663009955
sartradjm,1668193955
sasakg034,1663012191
sasakuzma,1668197141
saschabojarski,1663012191
sasha4325,1663009955
sashast007,1663009955
saso2009,1663014520
saswatprusty,1663014520
satishshivarudraiah,1663012191
sb1789,1663009955
scala,1662925064
scdavide70,1663009955
schachfan1,1663014520
scheibiowa,1663012191
schizzarotto,1663009955
schoplop,1663014520
schrischri,1663014520
schwenzel,1663009955
scientific_one1,1662925064
scifigeek,1662925445
scildweall_frea,1663012191
scofield_vn,1662925064
scratchyitch,1663012191
scubasteve3141,1663009955
sculldemolizer,1663012191
sean_connery,1662925064
seaslessspark,1663012191
sebashtian,1663012191
secuaz,1662925445
seebi99,1663012191
sembase,1662925064
senkoditrust,1663012191
sepiaxx,1663012191
sergenuns,1663009955
sergey4927,1663012191
sergeys137,1663012191
sergiu_c,1663012191
setarhato,1663012191
seth0079,1663009955
sethalynch,1663012191
shab221,1662925064
shachar-aharoni,1663009955
shadowarrior81,1663012191
shadowknight10,1663009955
shafiq199500,1662925064
shah_imat,1662925445
shaharyartariq,1663012191
shalomenrile,1663012191
sharkhead445,1663013141
shashinandayoga,1663012191
shaunichess,1663009955
shawnzeng2012,1663009955
sheeb1987,1662925445
sheilubles,1663009955
shevchess03,1663009955
sheves04,1663012191
shihan_viswa,1663012191
shin696,1663012191
shlakovik,1663012191
shlomozalman3345,1663009955
shmuel1,1663009955
shookki,1662925445
shouvik1997,1663012191
shruti9305,1663012191
siasjohn,1662925445
sibor,1662925064
sid55,1662925064
siesoyaeso,1663012191
silntwastaken,1662925445
silverpicks,1663012191
sir_james_north,1663009955
sirajul01199,1663009955
siralfresco,1663009955
site11,1663009955
sithuk,1663012191
sityak,1663012191
six_inchess,1663012191
sjonion2721,1663009955
sk62,1662925064
skakdk,1663012191
skanball,1662925064
skeevv,1663012191
skoumal69,1663012191
sksshooter,1663009955
slahiry,1663012191
sleeper61,1663012191
sleeping_giant1,1663009955
sleepingcast,1663009955
slift77,1663009955
slimshady26,1663012191
slothrop68,1662925064
sly_p,1663012191
smarta1000,1662925445
smartykids,1663012191
smittywerbenmanjense,1663012191
snackly,1662925064
snafu-fubar-1,1663012191
snarf_master,1663009955
snowball77,1662925445
sofi_agz,1663009955
soham06092011,1663009955
sonea90,1663012191
songsong12,1663012191
sorryg0home,1663009955
sosiska,1663009955
sotirispiano,1663009955
soundy,1663012191
spaceguru500,1663012191
sparkel,1663012191
sparkychesstiger2021,1663009955
sparta4545,1663009955
spartacus25,1663009955
spawnpawn1,1662925064
spear_of_god,1663009955
spot_playing_chess,1662925445
sputn,1663009955
squarebear99,1662925445
squeakycrab,1663009955
sri-ul,1662925064
srn41,1663009955
st8d,1663009955
stamkoul,1663009955
staneux55,1663009955
steekers,1663009955
stefantr,1663009955
stendhal2,1663009955
stepulenok,1662925064
sterlobihh,1662925064
sthavish,1663009955
stone_henge,1662925064
stormy,1663009955
strider23cpk,1663013141
stringybark,1662925445
strongmanchess,1663009955
stylesonedirection,1663012191
suddenlavender,1663009955
suichiwolfwood,1663009955
sujithkrmaradu,1663009955
sulaimantang,1663009955
sumseymol,1663009955
sunwritog,1663009955
supercodeur,1663012191
supremechessmaster08,1663009955
surendra_pulaveli,1663012191
sureshhariharan,1663012191
sushilr,1663012191
susi,1662925064
suuteibayarsaikhan,1662925445
svartmerir,1663009955
svbcrypto,1663009955
svitlanabutenko,1663009955
sweet1961,1662925064
swhinery,1663009955
swiecsd,1663009955
sxrpxnt123,1663009955
syamhadi,1663009955
syd1911,1663012191
sylvanix,1663012191
sympleguy2u,1663012191
szikorany,1663012191
t4rycan4,1663013141
tactical-resource,1663012191
taflin,1663009955
taigabluez,1663009955
takamura2013,1663009955
talitaldias,1662925445
talkerpro,1663009955
tammamtellawi,1663009955
tanaykankane22,1663012191
tanmoym,1663009955
tarpon777,1663012191
tasawyer81,1663012191
tatupatu,1663012191
tavi001,1662925064
taylordiaz,1663009955
tds-sergey,1663012191
tearose,1663012191
telo21,1663013141
tema,1662925064
terjo2000,1663012191
terro003,1663009955
tfm33,1663009955
tgud,1663012191
thang_zingplay,1663009955
the_dude_you_hate,1663012191
the_keruza14,1663012191
the_real_bsisanto,1663009955
theajonas,1663009955
theaod,1662925064
theattacker2013,1663012191
thebdoublez,1663009955
thechessgoddamn,1663009955
theendgame,1663009955
thekingslayer999,1663012191
thekitsuneboy,1663009955
themachinelegacy,1663009955
therennes,1663009955
thermodon,1663012191
theywantmymoolah,1663009955
thezie,1663009955
thiagoobr,1663009955
thinker4,1662925064
thomas4532,1663012191
thorwald,1663012191
thuggmann,1663012191
thunderbirdiv,1663009955
tiago_reis,1663012191
tickhead24,1663009955
tienthanh2020,1663009955
tiger55555,1663012191
tigerpawn14,1663013141
tiggerchess,1663012191
tiko-velle,1663012191
timothywjahn,1662925064
tincon2k10chess,1663009955
tinylittlearcticfox,1663009955
tiriri,1663012191
tista98,1663012191
tjmaxattack1,1663009955
tk2301,1663009955
tlightning,1663009955
tnagyelek,1663012191
tnduyminh,1663009955
tnt20,1663012191
to-to,1663012191
toddjaarsma,1663009955
tom1233321,1662925445
tomcher,1663012191
tomjen,1663009955
tomko95,1663009955
tompoes,1663009955
tomtozer,1663012191
tondeh1,1663009955
tony580918,1663012191
tonyfitz7,1663012191
top_er,1663009955
torkato,1668193955
torque-g,1663012191
tortilla_tiesa,1663009955
totalcuteness,1663012191
tracmoc,1663012191
traxanoplagias,1663009955
trekkingsports,1663009955
trex1234,1663012191
triumph500,1663009955
tshepiso,1663009955
tspaper,1663012191
tsrif1,1663009955
tsvetomila1319,1662925445
tugalab,1662925445
tuiu77,1662925445
turasel,1663012191
typ0,1663012191
u_lost_gg,1662925064
ucannotbeatmelol,1663009955
ukraine43,1663009955
ukrwolf,1668193955
ulfx0119,1663009955
ultimatepandaofchess,1663009955
ulupilse56,1663009955
umacedonia,1663012191
uncleehewlett,1663012191
undff,1663009955
unos_ramuk,1663012191
unputin,1663009955
unripe,1663012191
uoda2009,1663012191
urbanvizintin,1668193955
uscf17065988,1662925445
used_pawn,1662925064
usernumber-not-found,1663009955
ush189,1662925064
usrnom,1663012191
uzabacek,1663012191
uzhegov,1662925064
v-huy,1663009955
vaishnav2020,1663009955
vaitsis69,1663009955
vampiro75,1662925064
vanes99,1662925445
varelajm,1663012191
vasfin,1663009955
vassilyzr,1663012191
vedantchess09,1662925445
vedantseptember,1663009955
vegvaa,1663012191
ven_rin_208,1663009955
verycoolalex,1662925064
verysusguy,1663009955
veryyahaypapel,1663009955
victoriysvi,1663009955
vidista1,1663012191
vidovac,1663012191
vik9612,1663012191
vikashkarur,1663012191
vikramaditya121,1663009955
viktoriani,1663009955
viktorlaurenzus,1663009955
viktormaleev,1663009955
villiam99,1663012191
vilox,1663012191
vince_russel,1663012191
vincentvinhbis,1663009955
vino125,1663012191
vinzy33,1663009955
viraag23,1663009955
vishnuprk,1663012191
vitali06,1663012191
vittia4759,1663009955
vivekachess3,1663009955
vladimirken,1663009955
vladioc,1663012191
vladsel,1668193955
voles,1663012191
vova1961,1668196191
vovanello,1663012191
vrugdush,1662925064
vuhuyminh2013,1663009955
vuk12,1663012191
vuts,1662925064
waelmohamedshalaby22,1663012191
waheedjan1,1663009955
waichafe,1663009955
wailou16,1663009955
wangyingchess,1663009955
warismyfatherland,1662925064
warrior,1663013141
waynemcdougall,1663012191
waywardson68,1662925445
webpieces,1663012191
websterman,1663012191
wehrump,1662925064
wejbimoo,1663012191
wellingthonalmeida,1662925445
welshman,1662925064
wernm_f,1663012191
wexfordknight,1663012191
why0712,1663012191
whysovega,1663009955
widderstein,1663012191
wilfredoalvareztapia,1663009955
will_yam,1663012191
willem2010,1663009955
willemcoe,1663009955
williamw601,1663009955
williepoe,1663012191
willmill927,1663012191
willowmmodel,1663009955
willtravel,1663012191
wilmerg,1663009955
wilmstar,1663009955
wingchessderekh,1663009955
winhoninter,1663009955
wiseone22,1663012191
wisscas,1663009955
witunio,1662925445
wiwikomorgan,1663012191
wkheder,1663012191
wolfninja1234,1663009955
wonderfulll1us,1663012191
wonderla21,1663012191
wong2011,1662925064
wongburger,1663012191
wongyhao,1663009955
worgplayer,1663012191
worthy_adversary,1662925064
wuzzle7,1663009955
xantipai,1663009955
xarisj,1663009955
xaxi2,1663012191
xeux,1663012191
xmlg,1663012191
xoverloadx,1663012191
xristos28,1663009955
xsquirrelxx,1663009955
xulderthegreat,1663012191
xuxublz907,1662925445
xxguardianxx,1663009955
xxspacedragonxx,1663009955
xyz-99,1662925064
yahia2007,1662925445
yakthespak,1663009955
yangyangshen,1663009955
yankdood,1663009955
yaswanth_cca,1663012191
ydebilloez,1663009955
yeyintoomandalay,1668193955
yjlee2010,1663009955
yonamiti,1663009955
yosoymarranomono,1663013141
youngwine,1663012191
your_killer66,1663009955
yourplayingawimpykid,1663009955
yptrikha,1663012191
yt_getup_gorilla,1663009955
yu5aku,1662925064
yugveer,1663012191
yujiro020,1663012191
yuntaoliu,1663009955
yura77,1663009955
yurasadovnikov,1663012191
yuvis,1663009955
yxyang,1663009955
z-b-jovanovski,1663009955
z1333,1663012191
zafeiro21,1663012191
zagg5433,1662925445
zainal1905,1663012191
zanhengi,1663009955
zankazoon,1663012191
zari2005,1663009955
zatoichi1,1663012191
zazmie,1668193955
zazzzzen,1663012191
zegaprime,1663009955
zemilio16,1663009955
zeref1854,1663009955
zerk23,1663012191
zero1435,1663012191
zhenia02,1663009955
zigvonlord,1663009955
zinbad,1662925064
zlatkonikolovski,1663009955
zontadelija,1663012191
zsombor5,1663012191
zulfugarov,1663012191
zviadi55,1663012191
